sirket_adi,website,snippets,email,telefon
Stuch Schweißtechnik GmbH & Co. KG,https://www.stuch-schweisstechnik.com/,"Stuch Schweisstechnik Gullco Kjelberg ...
stuch-schweisstechnik.com
https://tr.stuch-schweisstechnik.com
Wir, Stuch Schweißtechnik, setzten uns für innovative, Qualitätsprodukte für die Schweisstechnik ein ... Phone · Email. Facebook. bottom of page.

Kontakt | stuch-welding
stuch-schweisstechnik.com
https://tr.stuch-schweisstechnik.com › kontakt
Posta: info@stuch-schweisstechnik.de. Mağaza:welingweb.de. Teşekkürler! Mesaj gönderildi. Göndermek. Gizlilik ... Phone · Email. Facebook. bottom of page.

Shop | stuch-welding
stuch-schweisstechnik.com
https://www.stuch-schweisstechnik.com › ...
·
Bu sayfanın çevirisini yap
Stuch SchweißtechnikGmbH & Co KG. ®. für die schönsten Nähte der Welt. Konrad-Adenauer-Ring 15. 47167 Duisburg ... Phone · Email. Facebook. bottom of page.",info@stuch-schweisstechnik.de,
Hotel Buchberger,https://www.gasthof-buchberger.com/,"Gasthof Buchberger: Nittendorf bei Regensburg
Gasthof Buchberger
https://www.gasthof-buchberger.com
·
Bu sayfanın çevirisini yap
Kontakt. Gasthof Buchberger Zeilerweg 14 93152 Nittendorf Tel: 09404 - 1046 www.gasthof-buchberger.com. Referenzen. Kunden die unseren Service für ...
Speisekarte · Gasthof · Kontakt · Catering

Kontakt
Gasthof Buchberger
https://www.gasthof-buchberger.com › ...
·
Bu sayfanın çevirisini yap
Gasthof Buchberger Zeilerweg 14 93152 Nittendorf Tel: 09404 - 1046 info@gasthof-buchberger.com. Kontakt. Telefon: 09404 - 1046 info@gasthof-buchberger.com ...

Catering
Gasthof Buchberger
https://www.gasthof-buchberger.com › ...
·
Bu sayfanın çevirisini yap
Kontakt. Gasthof Buchberger Zeilerweg 14 93152 Nittendorf Tel: 09404 - 1046 www.gasthof-buchberger.com. Referenzen. Kunden die unseren Service für ...",info@gasthof-buchberger.com,14 93152
Guca,https://www.guca.rs/,"Guca Trumpet Festival 2025Guca Trumpet Festival 2025
guca.rs
https://www.guca.rs
·
Bu sayfanın çevirisini yap
Contact. home. MADNESS MADE IN SERBIA. AcommodationTransportationCamping · EN · DE · FR ... Cell phone / viber Dejan +381653392303. Email: info@guca.rs. Your Name ...
Contact · Guca 2017 · News · Accommodation and...

Contact - Guca Trumpet Festival 2025
guca.rs
https://www.guca.rs › contact
·
Bu sayfanın çevirisini yap
Contact. Contact. Your Name (required). Your Email (required). Subject. Your ... Cell phone / viber Dejan +381653392303. Email: info@guca.rs. Photo Album.

History - Guca Trumpet Festival 2025
guca.rs
https://www.guca.rs › history
·
Bu sayfanın çevirisini yap
Contact. History. HISTORY of most famous Folk Festival in Serbia. “I didn't know you could play trumpet that way” Miles Davis, a Guca Festival visitor. The ...",info@guca.rs,+381653392303
Korea ePlatform Ltd.,http://www.eplatform.co.kr/,"Contact Us
ePlatform
https://www.eplatform.co › ...
·
Bu sayfanın çevirisini yap
Check out our FAQ, or Contact Us. TEST DRIVE EPLATFORM NOWSET UP YOUR EPLATFORM NOW. footer-ogo. Phone +1 844 505 3437. ebooks@eplatform.co. Solutions. eBooks ...

ePlatform: eBooks and Audiobooks in School Libraries
ePlatform
https://www.eplatform.co › ...
·
Bu sayfanın çevirisini yap
Check out our FAQ, or Contact Us. TEST DRIVE EPLATFORM NOWSET UP YOUR EPLATFORM NOW. footer-ogo. Phone +1 844 505 3437. ebooks@eplatform.co. Solutions. eBooks ...
Contact Us · Students · Register · Find Libraries

ICT Convergence 2024 - Exhibitor
2024 대한민국 ICT융합 엑스포
https://www.itce.kr › exhibitor
·
Bu sayfanın çevirisini yap
Email, leejh@eplatform.co.kr. Homepage, http://ieetu.eplatform.co.kr/. Tel, 053-623-1468. Fax, 053-623-1469. Company introduction. Product. Product Details. No ...",ebooks@eplatform.co,+1 844 505 3437
Petruccis Ice Cream,http://petruccisicecream.com/,"King of Prussia
Petrucci's Ice Cream
http://petruccisicecream.com › ...
·
Bu sayfanın çevirisini yap
Telephone: ((610)-354-0205. Address: 670 North Henderson Road. King of Prussia, PA 19406. Email: ... To navigate, press the arrow keys. Contact Info. On The Map.

Petrucci's Ice Cream - Crunchbase Company Profile & Funding
Crunchbase
https://www.crunchbase.com › ...
·
Bu sayfanın çevirisini yap
... Contact Email phxpetruccis@gmail.com; Phone Number +1 610 933 9390. Petrucci's ice cream sells ice cream. Hand-dipped ice cream, homemade ice water ...

Petrucci's Ice Cream & Water Ice
Yelp
https://www.yelp.com › ... › Ice Cream & Frozen Yogurt
Phone Repair · Bars · Nightlife · Hair Salons · Gyms · Massage ... http://www.petruccisicecream.com · Full menu. More Info. Hours, Health Score. Known For. Yes.
4,4
(61) · Fiyat aralığı: $   ",phxpetruccis@gmail.com,610)-354-0205
Rodriguez Brothers Eng.,http://www.rbeeng.com/,"Rodriguez Brothers Engineering
rbeeng.com
http://www.rbeeng.com
·
Bu sayfanın çevirisini yap
CONTACT. Rodriguez Brothers Engineering. CONSTRUCTION COMPANY. Image description. DESIGN. With our awarding winning design we ...

CONTACT
rbeeng.com
http://www.rbeeng.com › co...
·
Bu sayfanın çevirisini yap
CONTACT US. Image description. Do you have a project you would ... Location. 2023 S Bon View Ave, Ontario, CA 91761. Tel: 909-923-2837. Email: info@rbeeng.com ...

SERVICES
rbeeng.com
http://www.rbeeng.com › se...
·
Bu sayfanın çevirisini yap
CONTACT. OUR SERVICES. What We Can offer you. WE offer a ... We will also keep you updated with the recent work on your project via text message or email.",info@rbeeng.com,909-923-2837
Ehring & Partners AB,https://www.ehringandco.com/,"Contact | Ehring & Co | PA
Ehring & Co.
https://www.ehringandco.com › ...
·
Bu sayfanın çevirisini yap
Contact Us - Contact Page. First Name. Last Name. Email. Phone number. Message ... Contact. 1-717-256-1006 · jordan@ehringandco.com. 2601 N Front St, Suite 203.

Home | Ehring & Co | PA
Ehring & Co.
https://www.ehringandco.com
·
Bu sayfanın çevirisini yap
Contact Us - Homepage. Full Name. Email. Phone. What service do you need? Full Service, Property Management, Maintenance, Bookkeeping, Other. Message. Thank you ...

Ehring & Co.
guestybookings.com
https://ehringandco.guestybookings.com › ...
·
Bu sayfanın çevirisini yap
... phone number and email address. We may collect ... https://optout.aboutads.info/. Changes to the ... contact us - jordan@ehringandco.com. This website ...",jordan@ehringandco.com,1-717-256-1006
Dahs Krananlagen GmbH,https://www.dahs-krananlagen.de/,"DAHS GmbH Krananlagen und Industrietore Buchholz
Dahs Krananlagen
https://www.dahs-krananlagen.de
·
Bu sayfanın çevirisini yap
Dahs GmbH ✓Krananlagen ✓Industrietore ✓individuell ✓produktiv ✓ ... KONTAKT · Startseite · Anrufen E-Mail. DAHS GmbH Krananlagen und Industrietore Buchholz ...

Krananlage oder Industrietor anfragen| Dahs GmbH
Dahs Krananlagen
https://www.dahs-krananlagen.de › ...
·
Bu sayfanın çevirisini yap
Kontakt · Anrufen E-Mail. Deine ... geprüfter Elektrotechniker und Prüfsachverständiger. phone +49 (0) 2683 - 94 51 45 - 11. emailpjost@dahs-krananlagen.de.

Impressum Dahs GmbH - Krananlagen - Industrietore
Dahs Krananlagen
https://www.dahs-krananlagen.de › ...
·
Bu sayfanın çevirisini yap
KONTAKT · Startseite · Impressum · Anrufen E-Mail. Impressum der Dahs GmbH. Dahs GmbH - Krananlagen - Industrietore Industriepark Nord 57 53567 Buchholz Telefon ...",emailpjost@dahs-krananlagen.de,57 53567
Perkins Smith Design Build,https://www.guildquality.com/cr/Perkins-Smith-Design-Build/7GW585843874FZF,,,
Digital Tattwa,http://digitaltattva.com/,"Digital Tattwa™ Web Solutions Employees, Location, Alumni
LinkedIn · Digital Tattwa™ Web Solutions
180+ takipçi
Its Services's are as mentioned bellow. 1. SEO 3. Website Design & Development ( CMS & PHP based) 4. PPC (Google Adwards) 5. Display Marketing 6. Email ...

Digital Tattwa™ (@DigitalTattwa) / X
X · DigitalTattwa
240+ takipçi
New users on smartphones start using internet with services like email and regional language content, and within weeks leapfrog to ecommerce & digital payments.

Digitattva technolabs - Email Address & Phone Number
Lusha
https://www.lusha.com › b...
·
Bu sayfanın çevirisini yap
Reach decision-makers at Digitattva Technolabs. Find their phone numbers & email addresses. It's free. - Lusha. ... Contact Sales>>. Solutions. Use Cases. Use ...",,
minebook,https://en.progximity.com/,"Contact
Minebook
https://en.progximity.com › ...
·
Bu sayfanın çevirisini yap
Contact us · Do you have any questions? We are here for you! Please contact us using the side form. · · Get a demo · Request training · Get support and assistance.

Progximity presents FIGURES LIVE at @theevelynhotel
Instagram
https://www.instagram.com › figures_band › Reels
If you are an interested, Melbourne-based drummer, please email us at figuresmgmt@gmail.com - we would love to hear from you. Spread the word as well if you ...

Progximity - WEST SIDE PROG - Mamma Chen's
Humanitix
https://events.humanitix.com › ...
·
Bu sayfanın çevirisini yap
29 Eki 2022 — Email (required). Confirm. Contact host. Follow. View profile · Facebook · Instagram. Mamma Chen's is a safe, inclusive and ﻿accessible live ...",figuresmgmt@gmail.com,
Leonhardt Automotive Mechanical,https://www.leonhardt-group.eu/,"Contact
Leonhardt Group
https://www.leonhardt-group.eu › ...
·
Bu sayfanın çevirisini yap
Leonhardt Group · Home · Portfolio · Automotive · Machine Engineering · Private Equity · Career · News · Contact · Leonhardt Group · Home · Portfolio.

Welcome to Leonhardt Group - A Multinational Enterprise
Leonhardt Group
https://www.leonhardt-group.eu
·
Bu sayfanın çevirisini yap
Leonhardt Group comprises of several companies operating in different industries such as machine ... Contact. Facebook Twitter Instagram Linkedin. Automotive ...
Contact · Leonhardt Group Archives · Auto Leonhardt Archives · Portfolio

Automotive
Leonhardt Group
https://www.leonhardt-group.eu › ...
·
Bu sayfanın çevirisini yap
Leonhardt Group · Home · Portfolio · Automotive · Machine Engineering · Private Equity · Career · News · Contact · Leonhardt Group · Home · Portfolio.",,
Balor.eu,https://www.baylor.edu/,"Contact Us - Undergraduate Admissions - Baylor University
Baylor University
https://admissions.web.baylor.edu › ...
·
Bu sayfanın çevirisini yap
Phone/Fax. Phone: 1-800-BAYLOR-U option 1-1 or (254) 710-3435; Fax: (254) 710-3436. Email. Email: Admissions@Baylor.edu. Connect with your Counselor. Visit our ...



",Admissions@Baylor.edu,254) 710-3435
IT Option,https://www.options-it.com/,"Contact
Options Technology
https://www.options-it.com › ...
·
Bu sayfanın çevirisini yap
Contact. Home>; Contact. Connect with our global team to explore our ... Reach out to us via email or phone, and let's start a conversation about how ...

Options Technology - On a mission to transform financial ...
Options Technology
https://www.options-it.com
·
Bu sayfanın çevirisini yap
support@options-it.com | sales@options-it.com · Products · Atlas · AtlasFabric ... Contact. Sign in: Careers · Finance Fast-Track Programme · Apprenticeship ...
Contact · Options Announces... · Options Announce Expansion... · Careers

Careers
Options Technology
https://www.options-it.com › ...
·
Bu sayfanın çevirisini yap
support@options-it.com | sales@options-it.com · Products · Atlas · AtlasFabric ... Contact. Sign in: Careers · Finance Fast-Track Programme · Apprenticeship ...",support@options-it.com,
Aviemore Glamping,https://eriskay-aviemore.co.uk/,"Contact
Eriskay Aviemore
https://eriskay-aviemore.co.uk › ...
·
Bu sayfanın çevirisini yap
Contact. Get In Touch. Lorem ipsum dolor sit amet, consectetur ... FacebookTwitterLinkedinPinterestEmail. Instagram. Hide photo (admin). Add ID to ...

Home | Eriskay Aviemore - Guesthouse & Glamping in Aviemore
Eriskay Aviemore
https://eriskay-aviemore.co.uk
·
Bu sayfanın çevirisini yap
Contact · Book Now ... FacebookTwitterLinkedinPinterestEmail. Instagram. Hide photo (admin). Add ID to the Hide Specific Photos setting:
Contact · Accommodation · Gallery · Things To Do

Privacy Policy
Eriskay Aviemore
https://eriskay-aviemore.co.uk › ...
·
Bu sayfanın çevirisini yap
An anonymised string created from your email address (also called a ... Contact Us. If you have any questions you can get in touch with us about any ...",,
AH Computer Services,https://ahcs.com.au/,"Contact Us – AH Computer Services
AH Computer Services
https://ahcs.com.au › contact...
·
Bu sayfanın çevirisini yap
Contact Us. AH Computer Services. 89 Mornington Street North Geelong Victoria 3215 Australia. Trading Hours: Monday to Friday 9am to 5:30pm. Phone ... ahcs.com.au

Contact Us
The Academy For Healthcare Science
https://www.ahcs.ac.uk › c...
·
Bu sayfanın çevirisini yap
Contact Us ; General enquiries, information@ahcs.ac.uk. *protected email*. admin@ahcs.ac.uk. *protected email* ; Clinical Research Practitioner enquiries ...

About Us
AH Computer Services
https://ahcs.com.au › about-us
·
Bu sayfanın çevirisini yap
Phone: 03 5272 3023. AH Computer Services · Home; Services. Products · Hosting ... Contact Us · AH LED Lights · Search; Menu Menu. You are here: Home1 / About Us ...",information@ahcs.ac.uk,03 5272 3023
Metalurgica Atila Ltda,http://www.metalurgicaatila.ind.br/,"Services - Metalúrgica Átila - Sertãozinho - SP - Brazil
metalurgicaatila.ind.br
http://www.metalurgicaatila.ind.br › ...
·
Bu sayfanın çevirisini yap
Contact Us. Social Networks. Location. Rua José Batista Soares, 418. Distrito Industrial II Sertãozinho / SP - Brazil Phone: +55 16 3041-5445 ... comex@ ...

Cast Parts for Energy Cogeneration Industry - Sertãozinho - SP
metalurgicaatila.ind.br
http://www.metalurgicaatila.ind.br › ...
·
Bu sayfanın çevirisini yap
Contact Us. Social Networks. Location. Rua José Batista Soares, 418. Distrito Industrial II Sertãozinho / SP - Brazil Phone: +55 16 3041-5445 ... comex@ ...

Cast Parts For Food Industry - Sertãozinho - SP - Brazil
metalurgicaatila.ind.br
http://www.metalurgicaatila.ind.br › ...
·
Bu sayfanın çevirisini yap
Contact Us. Social Networks. Location. Rua José Batista Soares, 418. Distrito Industrial II Sertãozinho / SP - Brazil Phone: +55 16 3041-5445 ... comex@ ...",,+55 16 3041-5445
Barry Jones Florist,https://barry-jones.co.uk/,"Barry Jones Florist – Local and Online Florist
Barry Jones Florist
https://barry-jones.co.uk
·
Bu sayfanın çevirisini yap
Home · About Us · Weddings · Funerals · Our Range · Funeral & Sympathy · Hand Tied Bouquets · Arrangements · Vase Arrangement · Contact Us.
Contact Us · Funeral & Sympathy · Our Range · About Us

Contact Us
Barry Jones Florist
https://barry-jones.co.uk › c...
·
Bu sayfanın çevirisini yap
You can contact us via email at barryjonesflorist@gmail.com Alternatively, please feel free to give us a call on 01580 765550. We can also receive faxes on ...

Barry M. Jones MS FRCS
Barry M. Jones
https://www.barrymjones.co.uk
·
Bu sayfanın çevirisini yap
Contact · Biography · GMC Appraisal · Scientific Publications · Scientific Presentations · Practice Philosophy · The Hunterian Professorship · The Book ...",barryjonesflorist@gmail.com,01580 765550
V D Abhyankar & Associates,https://abhyankarassociates.com/,"V D Abhyankar Associates | Chartered Accountants
abhyankarassociates.com
https://abhyankarassociates.com
·
Bu sayfanın çevirisini yap
Contact. Auditing, Taxation & Consultancy since 1980. We are well positioned ... Please fill below form and click send button to reach us. Name. Email Address.

About us - V D Abhyankar Associates
abhyankarassociates.com
https://abhyankarassociates.com › ...
·
Bu sayfanın çevirisini yap
Contact. About us. V D Abhyankar & Associates was set up in the year 1998 by ... Chartered Accountants V D Abhyankar and Associates | www.abhyankarassociates.com.

Contact | V D Abhyankar Associates
abhyankarassociates.com
https://abhyankarassociates.com › ...
·
Bu sayfanın çevirisini yap
We are ready to help you! Send Us an Email Name Email Address Subject Message Submit Email contact@abhyankarassociates.com Phone +91-240-6421755",contact@abhyankarassociates.com,+91-240-6421755
Arroyo vino,https://arroyovino.com/,"Home - Arroyo Vino Restaurant & Wine Shop » Santa Fe, New ...
arroyovino.com
https://arroyovino.com
·
Bu sayfanın çevirisini yap
Reservations are recommended and may be made through Open Table or over the phone. ... Contact. 505.983.2100 · info@arroyovino.com. Hours. Restaurant Tuesday ...
Menus · Events · Who We Are · Wine Shop

Events from November 2 – December 28 - Arroyo Vino
arroyovino.com
https://arroyovino.com › e...
·
Bu sayfanın çevirisini yap
Contact. 505.983.2100 · info@arroyovino.com. Hours. Restaurant Tuesday-Saturday ... FacebookTwitterLinkedinPinterestEmail. Instagram. Hide photo (admin). Add ...

Family Meal: Italian American - Santa Fe - Arroyo Vino
arroyovino.com
https://arroyovino.com › fa...
·
Bu sayfanın çevirisini yap
Organizer. Arroyo Vino; Phone: 505.983.2100. Venue. Arroyo Vino. 218 Camino La ... Contact. 505.983.2100 · info@arroyovino.com. Hours. Restaurant Tuesday-Saturday",info@arroyovino.com,505.983.2100
Cooperative Processing Rsrces,https://www.cprops.com/,"CPR Cloverleaf CMS
Cooperative Processing Resources
https://www.cprops.com
·
Bu sayfanın çevirisini yap
Contact us for a demo ; Email. sales@cprops.com ; Phone. (214) 739-6151 ; Address. 801 E. Campbell Road Suite 670. Richardson, TX 75081. United States of America.

Contact us
Crop's Vegetables
https://www.cropsvegetables.com › ...
·
Bu sayfanın çevirisini yap
Contact us. Thank you for your interest in our frozen ... Subscribe to the newsletter. Email *. Name *. Select an option, Retail, Industry, Foodservice. Interest.

Contact | Propscom - movie prop rental
Propscom
https://www.propscom.com › ...
·
Bu sayfanın çevirisini yap
Do you want to contact us? Here you will find all contacts in one place. Thank you for your interest in our props.",sales@cprops.com,214) 739-6151
Andreas Lohmann,http://81.169.177.62/,"List of allocated IP addresses in 81.169.0.0
Ip-Address-Lookup-V4
https://ip-address-lookup-v4.com › ...
·
Bu sayfanın çevirisini yap
What is it the the Germans this week? Reported on: 12th, Aug. 2011. Home| Email trace| Email lookup| About| FAQ| Contact. ip-address-lookup-v4.com © 2007-2024 ...",,81.169.0.0
Encore Energy Inc,https://encoreuranium.com/,"Contact Info
enCore Energy
https://encoreuranium.com › ...
·
Bu sayfanın çevirisini yap
Investor Relations. Tel: (214) 295-1016. Email: info@encoreuranium.com. General Inquiries. First Name. Last Name. Email. Phone. Message. Send. Contact Info.

enCore Energy | American Uranium ISR | Uranium Stocks
enCore Energy
https://encoreuranium.com
·
Bu sayfanın çevirisini yap
Events · Sustainability · News · News · Media · Community · Education Society · Scholarship · Contact. TSX.V:EU $5.62 | NASDAQ:EU $3.99. enCore Energy ...
Contact Info · Careers · News · Board of Directors

Management
enCore Energy
https://encoreuranium.com › ...
·
Bu sayfanın çevirisini yap
Analyst Coverage · Annual Report · Regulatory Filings · Events · Contact Info · Contact Info. Subscribe For Updates. Send. Facebook Twitter Youtube Instagram.",info@encoreuranium.com,214) 295-1016
DARLEY GREEN CONSULTING LTD,https://www.livedarley.com/,"Contact The Reserve at Darley Green
Darley Green
https://www.livedarley.com › ...
·
Bu sayfanın çevirisini yap
Contact Us. 700 Darley Green DriveClaymont, DE 19703. phone: (302) 385-2200 fax: (302) 439-3356. Send us an email ... contact information entered above. Your ...

The Reserve at Darley Green | Authentication
Darley Green
https://www.livedarley.com › ...
·
Bu sayfanın çevirisini yap
Add Another Phone Number; Email *; Password *; Confirm Password *; How did you ... Contact. The Reserve at Darley Green. 700 Darley Green Drive Claymont, DE ...

Darley Green
Darley Green
https://www.livedarley.com
·
Bu sayfanın çevirisini yap
Residents. Resident Applicant. email. password. Forgot password? Enroll now ... Contact. The Reserve at Darley Green. 700 Darley Green Drive Claymont, DE ...
Photos & Tour · Amenities · Our Floor Plans · Neighborhood & Directions",,302) 385-2200
"Motorcycle Advocates, Gancedo Law",https://motorcycleadvocates.com/,"Motorcycle Lawyer Contact Us - motorcycleadvocates.com
motorcycleadvocates.com
https://motorcycleadvocates.com › ...
·
Bu sayfanın çevirisini yap
... contact or visit us at: Motorcycle Advocates 1575 N. Lake Avenue, Suite 202B Pasadena, CA 91104. Toll Free Phone: (844) CYCLE 44 / (844) 292-5344. Phone: (626) ...

Motorcycle Accident Attorney: Hector Gancedo
motorcycleadvocates.com
https://motorcycleadvocates.com › ...
·
Bu sayfanın çevirisini yap
MotorcycleAdvocates.com. Available 24/7. Home · Case Results · FAQ · Blog · Contact Us. Call Today for a Free Consultation (844) CYCLE 44. SE HABLA ESPAÑOL.

Motorcycle Advocates (@MotorcycleAdvoc) ...
X
https://twitter.com › motor...
·
Bu sayfanın çevirisini yap
Motorcycle Advocates · @MotorcycleAdvoc. ·. Oct 30, 2015. Hurt on yr bike? Contact. @MotorcycleAdvoc. and get the compensation you deserve! ""You don't pay, if ...",,844) 292-5344
银汉科技有限公司,https://www.yh.cn/,"Contact Us
YH Hydraulic
https://www.yhhydraulicfittings.com › ...
·
Bu sayfanın çevirisini yap
Home » Contact Us. Contact Us. YH Hydraulic. Jiangshan Town, Yinzhou District ... Phone: +86-574-88450192. Fax: +86-574-88450192. Email: sales2@yhhoseassembly.com

YH Case & Stand Manufacturer
yhcase.com
http://www.yhcase.com › site
·
Bu sayfanın çevirisini yap
Telephone: +8620-3488 5208. Email: mei@yhcase.com. Chen Zhan Kun Telephone: + ... sales@yaohua-audio.com · Home| About Us| Contact Us| Downloads. CopyRight ...

Contact information-Ningbo Yonghang Fire Equipment Co., Ltd.
yh-nb.com
http://www.yh-nb.com › page
·
Bu sayfanın çevirisini yap
yh-nb.com. 自定内容. 更多. shadow. 出口 ... Contact us.",sales2@yhhoseassembly.com,+86-574-88450192
Supreme Provisions,https://www.supremanyc.com/,"Suprema Provisions | Italian Restaurant in New York, NY
Suprema Provisions
https://www.supremanyc.com
·
Bu sayfanın çevirisini yap
Contact; Reservations. Suprema Provisions Home. Toggle Navigation. Hours ... Please, enter a valid email Email - Required. Submit Please check errors in ...
Contact Us · Menus · Hours & Location · About

Contact | Suprema Provisions in New York, NY
Suprema Provisions
https://www.supremanyc.com › ...
·
Bu sayfanın çevirisini yap
Contact Us. Send us a message and we'll get back to you as soon as ... Email - Required Please, enter a valid phone number Phone Number - Required

Suprema Provisions Restaurant - New York, NY
OpenTable
https://www.opentable.com › ...
·
Bu sayfanın çevirisini yap
... Phone number. (646) 964-4994. Website. http://supremanyc.com/. Payment ... email, when my email wasn't loading and I tried to "" book "" another place it ...
4,8
(280) · Fiyat aralığı: $31 to $50   ",,646) 964-4994
Anderson Group Management Co,https://www.andersongroup.com/,"The Anderson Group
The Anderson Group
https://www.andersongroup.com
·
Bu sayfanın çevirisini yap
Contact Us. Close submenu (Partner with Us)Partner with Us. Partner with Us ... Phone: (727) 897-5630. Fax: (727) 897-5631. Social Media. ©2024 The Anderson ...
About Us · Contact Us · Investment Criteria · Portfolio Companies

Contact Us | Private Equity Tampa
The Anderson Group
https://www.andersongroup.com › ...
·
Bu sayfanın çevirisini yap
Contact Info. 2151 Central Avenue St. Petersburg, FL 33713. United States. Phone: (727) 897-5630. Fax: (727) 897-5631. E-mail: info@andersongroup.com. Get In ...

The Anderson Group, LLC
LinkedIn
https://www.linkedin.com › ...
·
Bu sayfanın çevirisini yap
http://www.andersongroup.com. External link for The Anderson Group, LLC ... Welcome back. Email or phone. Password. Show. Forgot password? Sign in. or. By ...",info@andersongroup.com,727) 897-5630
SGM Placement And Personnel Services - India,https://sgmplacements.com/,"SGM Placements – Placements and Personnel Services
SGM Placements
https://sgmplacements.com
·
Bu sayfanın çevirisini yap
admin@sgmplacements.com ... Contact info. Call us. 022-67912236. Mobiles. +91-9322262182 +91-9167158516. Email. admin@sgmplacements.com.
Contact Us · About SGM · Clients · Candidates

Contact Us
SGM Placements
https://sgmplacements.com › ...
·
Bu sayfanın çevirisini yap
Contact Us. You are here: Home; Contact Us. Questions? Send us a message! We look ... Phone. 022-67912236. Mobile. +91-9322262182 +91-9167158516. Email. admin ...

Candidates
SGM Placements
https://sgmplacements.com › ...
·
Bu sayfanın çevirisini yap
Phone. 022-67912236. Mobile. +91-93222-62182 +91-87792-97393. Email. admin ... Contact info. Call us. 022-67912236. Mobiles. +91-9322262182 +91-9167158516. Email.",admin@sgmplacements.com,022-67912236
Localnet Corporation,https://www.localnet.com/,"Contact Us - LocalNet
localnet.com
https://www.localnet.com › ...
·
Bu sayfanın çevirisini yap
Contact Us We're here to help. We're here to help. Customer Service. Hours (EST). Mon - Fri: 9:00 am - 5:00 pm; Sat-Sun: Closed. Phone: (Toll-Free) 1-888-488- ...

LocalNet: Best Value Dial-up Internet Service Provider.
localnet.com
https://www.localnet.com
·
Bu sayfanın çevirisini yap
Home · DSL · Access Numbers · Contact Us · Member Start Page · My Account · About Us. Reliable Internet Access Since 1994. Starting at just $29.95 per month.
Contact Us · My Account · Best Value Dial-Up Internet... · Start Page

About LocalNet
localnet.com
https://www.localnet.com › ...
·
Bu sayfanın çevirisini yap
Contact Us · Member Start Page · My Account · About Us. Internet Access. Dialup ... The company co-locates its equipment inside the local telephone company's ...",,1-888-488
365 OPERATIONAL EXCELLENCE LTD,https://www.microsoft.com/en-us/dynamics-365/products/project-operations,"Dynamics 365 Project Operations
Microsoft
https://www.microsoft.com › ...
·
Bu sayfanın çevirisini yap
Product documentation · Technical support · On-premises product support · Contact us · Try for free · Sign in. More. All Microsoft. Global. Microsoft 365 ...

Contact Microsoft - Support for Dynamics
Microsoft
https://www.microsoft.com › ...
·
Bu sayfanın çevirisini yap
Contact Microsoft Dynamics 365. Start an online chat session, send us a contact request or call us—your choice.

",,
Sunset Vines,https://sunsetvine.com/,"Contact
Sunset+Vine
https://sunsetvine.com › co...
·
Bu sayfanın çevirisini yap
Send us a CV and a one pager overview · First Name · Email · Phone Number · Click here to attach CV + ...

Sunset+Vine - Sunset+Vine
Sunset+Vine
https://sunsetvine.com
·
Bu sayfanın çevirisini yap
Instagram · X · LinkedIn · Our Work · Our People · What We Do · Our Values · Contact. Get In Touch. Email Us · Sunset+Vine is a Tinopolis company. Click for ...
Contact · Our team · What We Do · Our Values

Our People - Sunset+Vine
Sunset+Vine
https://sunsetvine.com › ou...
·
Bu sayfanın çevirisini yap
Contact · Instagram · X · LinkedIn. Our team. We are a team of passionate ... Contact. Get In Touch. Email Us · Sunset+Vine is a Tinopolis company. Click for ...",,
Electronic Dictation Systems,https://www.speechwrite.com/solutions/dictation,"SpeechWrite: Digital Dictation and Voice Recognition Solutions
SpeechWrite
https://www.speechwrite.com
·
Bu sayfanın çevirisini yap
Digital Dictation and Voice Recognition Solutions - SpeechWrite Digital ... Contact Name. Organisation. Email Address. Telephone Number. By submitting the ...
Contact Us · Mobile Dictation · Medical Dictation · Cloud Dictation

Contact
SpeechWrite
https://www.speechwrite.com › ...
·
Bu sayfanın çevirisini yap
Fill out the form below with your details and a member of our team will be in touch. Contact Name. Organisation. Email Address. Telephone Number.

Support
SpeechWrite
https://www.speechwrite.com › ...
·
Bu sayfanın çevirisini yap
... SpeechWrite can add value to your organisation. Contact Name. Organisation. Email Address. Telephone Number. By submitting the form you agree to receive emails ...",,
Hyde Hall Inc,https://www.hydehall.org/,"HOME | Hydehall
hydehall.org
https://www.hydehall.org
·
Bu sayfanın çevirisini yap
HYDE HALL · NATIONAL HISTORIC LANDMARK AND MUSEUM · HOME · ABOUT US · TOURS · EVENTS · RENTALS · JOIN & GIVE · CONTACT ... © 2024 Hyde Hall Cooperstown NY. bottom ...
About us · Tours · Events · Rentals

CONTACT FORM | Hydehall
hydehall.org
https://www.hydehall.org › ...
·
Bu sayfanın çevirisini yap
Contact Us. First name. Last name. Email. Write a message. Submit. Thanks for submitting! © 2024 Hyde Hall Cooperstown NY. bottom of page.

Hyde Hall
Cooperstown
https://www.thisiscooperstown.com › ...
·
Bu sayfanın çevirisini yap
Email Us. Hours of Operation: Best to ... Contact E-mail JonathanManey@hydehall.org; Contact Name Jonathan Maney, Executive Director; Contact Phone 607-547-5098 ...",JonathanManey@hydehall.org,607-547-5098
Trojan Riggers Inc,https://www.arco.co.uk/Web-Taxonomy/Footwear/Safety-Footwear/Safety-Boots/Safety-Rigger-Boots/TROJAN-Orion-Tan-S3-Rigger-Boots/p/PIMM00000000008480,"TROJAN Orion Tan S3 Rigger Boots
Arco
https://www.arco.co.uk › PI...
·
Bu sayfanın çevirisini yap
TROJAN Orion Tan S3 Rigger Boots | Shop for Safety Footwear at Arco, The UK's Leading Supplier of Safety Boots ... contact the web support team. Close. Quick ...
£111,59

TROJAN Orion Black S3 Rigger Boots
Arco
https://www.arco.co.uk › PI...
·
Bu sayfanın çevirisini yap
Trojan® Orion S3 Safety Rigger Boot Tan. Code:6T2400. TROJAN Orion Tan S3 ... contact the web support team. Close. Cookies. We'd like to collect data from ...
£111,59

TROJAN Orion Tan S3 Rigger Boots
Arco Ireland
https://www.arcosafety.ie › ...
·
Bu sayfanın çevirisini yap
TROJAN Orion Tan S3 Rigger Boots | Shop for Safety Footwear at Arco, The UK's Leading Supplier of Safety Boots ... contact the web support team. Close. Quick ...
€142,06",,
Core Lan Corporation,https://www.corelan.be/,"Corelan Cybersecurity Research
Corelan Team
https://www.corelan.be
·
Bu sayfanın çevirisini yap
... email-list, signal, stone-age-cipher, truecrypt, UI, url-addressmailbox ... https://www.corelan-training.com/index.php/training-schedules . >>> Our ...
Corelan ROPdb · About Corelan Team · Corelan Team Members · Articles

corelan team
Corelan Team
https://www.corelan.be › ...
·
Bu sayfanın çevirisini yap
... email-sitebe, corelan, corelan-communications, corelan-forum, corelan-forum-gone, corelan-members, corelan-training-materials, f, frenode-contact ... https ...

Contact | Corelan Consulting bv
Corelan Team
https://www.corelan-consulting.com › index.php › cont...
Contact us (and we'll get back to you) · Your Name (required) · Company Name (required) · Your Email (required) · Your Phone number (optional) · Please select a ...",,
PENSIUNE RESTAURANT PIPERA,https://pensiuneapipera.ro/,"Hotels in Romania, main cities in romania, Bucharest, Brasov ...
hotelsromania.funsites.ro
http://www.hotelsromania.funsites.ro › ...
·
Bu sayfanın çevirisini yap
... romania, with hotels from big to small cities,direct contact and websites. ... phone: 004 0744 604 387 ; email: rezervari@pensiuneapipera.ro. Chiajna ...

[w]OSM Stats Romania: Tags
LatLon.org
http://stat.latlon.org › latest › tags-w
... kontakt (1), http://bcheese.ro/ (1), http://bcr.ro (1), http://bcss.ro (1), http://bdoot-bucharest.mofa.gov.bd (1), http ... https://retim.ro/contact/ (1),

2.PAAR-Ilfov.pdf
ISU Bucuresti
https://isubif.ro › wp-content › uploads › 2015/06
PDF
31 Ara 2019 — contact. Telefon. Tehnică de intervenţie. 1. SPSU - AIHCB Otopeni. Otopeni, Calea. Bucureştilor 224E DN1, km 16,5. Damian. Octavian. 0722545949.
151 sayfa",rezervari@pensiuneapipera.ro,004 0744 604 387
David Ehrlich,https://www.indiewire.com/author/david-ehrlich/,"David Ehrlich
IndieWire
https://www.indiewire.com › ...
·
Bu sayfanın çevirisini yap
Contact Us. IndieWire is a part of Penske Media Corporation. © 2024 IndieWire ... Email address to subscribe to newsletter. Subscribe. By providing your ...

IndieWire's David Ehrlich Wins Film Critic of the Year at ...
IndieWire
https://www.indiewire.com › ...
·
Bu sayfanın çevirisini yap
5 Ara 2022 — Email address to subscribe to newsletter. Subscribe. By providing ... Contact Us. IndieWire is a part of Penske Media Corporation. © 2024 ...

David Ehrlich | Indiewire – Page 2
IndieWire
https://www.indiewire.com › ...
·
Bu sayfanın çevirisini yap
Contact Us. IndieWire is a part of Penske Media Corporation. © 2024 IndieWire ... Email address to subscribe to newsletter. Subscribe. By providing your ...",,
Schattner Construction Svc Inc,http://www.schattnerhomes.com/,"Contact Schattner Homes | Eagle River Home Building & ...
Schattner Construction Services, Inc.
http://www.schattnerhomes.com › ...
·
Bu sayfanın çevirisini yap
Phone and fax: 715-479-8170. Hours: By appointment. Email: bill@schattnerhomes.com. Email: cindy@schattnerhomes.com · Home · About/Gallery · Our Services · Our ...

Schattner Homes | Eagle River Home Construction & Design
Schattner Construction Services, Inc.
http://www.schattnerhomes.com
·
Bu sayfanın çevirisini yap
We make ourselves fully available for you to contact us by phone, email or text and we will provide you with updates as often as you like. Schattner ...

Schattner Construction Services - Eagle River, WI
Yelp
https://www.yelp.com › biz
·
Bu sayfanın çevirisini yap
Phone Repair · Bars · Nightlife · Hair Salons · Gyms · Massage ... Call Now · Visit Website. http://schattnerhomes.biz. Known For. You might also consider.",bill@schattnerhomes.com,715-479-8170
Van Cott Law,https://vancottlaw.com/,"Van Cott Ebrahimi P.C.
Van Cott Ebrahimi P.C.
https://vancottlaw.com
·
Bu sayfanın çevirisini yap
Partner. Direct: (631) 939-2301. Email: bvancott@vancottlaw.com. Picture of ... CONTACT US. Van Cott Ebrahimi P.C.. Hauppauge | Riverhead | Southampton O ...

Bryan C. Van Cott - Van Cott Ebrahimi P.C.
LinkedIn
https://www.linkedin.com › ...
·
Bu sayfanın çevirisini yap
Riverhead, New York, United States · Van Cott Ebrahimi P.C.
Welcome back. Email or phone. Password. Show. Forgot password? Sign in. or. By ... Contact Bryan C. directly. Join to view full profile. LinkedIn © 2024; About ...

Fabian VanCott: Home
Fabian VanCott
https://fabianvancott.com
·
Bu sayfanın çevirisini yap
Contact Us. Salt Lake City. 801-531-8900. 95 South State, Suite 2300. Salt Lake City, UT 84111. SLC Visitor Parking Information. Las Vegas. 702-233-4444. 411 ...
Contact Us · Careers · About Us · Trust & Estate Administration
Eksik: vancottlaw. | Şu terimi ara: vancottlaw.",bvancott@vancottlaw.com,631) 939-2301
"Dongfeng Behr Thermal Systems Co., Ltd.",https://www.mahle.com/en/about-mahle/locations/6437.jsp,"Dongfeng MAHLE Thermal Systems Co. Ltd., Guangzhou
Mahle
https://www.mahle.com › lo...
·
Bu sayfanın çevirisini yap
MAHLE GmbH. Pragstraße 26-46. D-70376 Stuttgart. Phone: +49 711 501-0. Contact: © by MAHLE GmbH, Stuttgart 2024. This website uses cookies to ensure the ...

Dongfeng MAHLE Thermal Systems Co. Ltd., Guangzhou
Mahle
https://www.jobs.mahle.com › ...
·
Bu sayfanın çevirisini yap
Your future at MAHLE Your future at MAHLE ... Our Location Our Location; Corporate Social Responsibility · Benefits · Get in contact · MAHLE.COM ... Phone.

Dongfeng MAHLE Thermal Systems Co. Ltd., Guangzhou
Mahle
https://www.jobs.mahle.com › ...
·
Bu sayfanın çevirisini yap
Get in contact Get in contact. Overview · Social Media · Events · MAHLE.COM. Our ... Ltd. No.8 XinGuang road, XinTang town. Plant A-, First Floo. 511300 Guangzhou.",,+49 711 501-0
CLOGAU GOLD OF WALES LIMITED,https://www.clogau.co.uk/?srsltid=AfmBOoqOyT-z8Q1BN14nrYiScxBbiMxkAjNjXZlJI82m1REKVeewR8BV,,,
Cooperstown Medical Transport,https://www.cooperstownfd.org/about/ems,"Cooperstown Emergency Squad
cooperstownfd.org
https://www.cooperstownfd.org › ...
·
Bu sayfanın çevirisini yap
Contact Mike Simons (email: michael.simons@cooperstownfd.org or (607)727-2218) with any questions. Thanks! Let us know what you think of the recent site ...

Home - Contact
Cooperstown Fire Department
https://www.cooperstownfd.org › ...
·
Bu sayfanın çevirisini yap
Contact Us. Emergency Response. Dial 911, or from outside of the local area 607-547-1697 ... email at website@cooperstownfd.org. Page updated. Report abuse.

Cooperstown Fire Department
Cooperstown Fire Department
https://www.cooperstownfd.org › ...
·
Bu sayfanın çevirisini yap
There are a number of email addresses we use to coordinate activities and distribute tasks across the department: ... contact the Village Clerk by phone at (607) ...",michael.simons@cooperstownfd.org,607)727-2218
Genes Electric,https://www.geneselectricvt.com/,"Gene's Electric Inc: Electrical Repair in Newport Center, VT
Gene’s Electric
https://www.geneselectricvt.com
·
Bu sayfanın çevirisini yap
If you have any questions about our products or services, contact us or call us directly at 802-334-6634. We hope to be your resource for electrical solutions ...

Residential Electrical Services in Newport Center, VT
Gene’s Electric
https://www.geneselectricvt.com › ...
·
Bu sayfanın çevirisini yap
Gene's Electric offers commercial and residential electrical services in the Newport Center, Vermont area. Contact us at 802 ... Phone. Comments ...

Gene's Electric | Newport Center VT
Facebook
https://facebook.com › ... › Electrician › Gene's Electric
Contact us today for all your electrical needs at 802-334-6634. https://bit.ly/3LWVe20 · No photo description available. Debbie Harty Delabruere · 󰤥 1.
5,0
(1)    ",,802-334-6634
SignoDelta,http://signodelta.com/en/,"Legal disclaimer - Institute of Applied Psychoanalysis
Signo Delta
http://signodelta.com › leg...
·
Bu sayfanın çevirisini yap
Name: Signo Delta, S.L.. Company seat: Gran Via de Carles III 31 1-4. CIF: B62216072 Contact: info@signodelta.com. The mere fact of accessing this website and ...

Data protection policy
Signo Delta
http://signodelta.com › dat...
·
Bu sayfanın çevirisini yap
Telephone +34 659 277 706 and electronic address info@signodelta.com ... In the case of email messages that users send for contact purposes, they are ...

Signo Delta | Institute of Applied Psychoanalysis
Signo Delta
http://signodelta.com › ma...
·
Bu sayfanın çevirisini yap
Make an appointment · Telephone. +34 934 104 408 · Whatsapp. +34 669 881 485. +34 669 88 14 85 · Email. pc@signodelta.com.",info@signodelta.com,62216072
Hatfield & Co,https://www.hatfieldandcompany.com/,"Contact Us
Hatfield and Company
https://www.hatfieldandcompany.com › ...
·
Bu sayfanın çevirisini yap
Contact Us. For more information about Hatfield and Company, Inc. and our services ... Phone. Email *. I have a comment/question about: Select one please ...

Hatfield and Company - Hatfield and Company
Hatfield and Company
https://www.hatfieldandcompany.com
·
Bu sayfanın çevirisini yap
800-879-9191 · info@hatfieldandcompany.com · Products · Filtration · High Pressure ... Contact Us. Hatfield and Company, Inc. 2475 Discovery Blvd. Rockwall, TX ...
Contact Us · Odessa · Filtration · Houston

Our Offices
Hatfield and Company
https://www.hatfieldandcompany.com › ...
·
Bu sayfanın çevirisini yap
Phone: 972-288-7625. Fax: 972-289-9063. Toll-Free: 800-879-9191. Map to office ... Contact Us. Hatfield and Company, Inc. 2475 Discovery Blvd. Rockwall, TX ...",info@hatfieldandcompany.com,800-879-9191
Kroy Building Products,https://www.kroy.com/,"Web'den öne çıkan snippet
Contact Us
By email: info@kroy.com. By phone: 1-888-733-5769.17 Şub 2023

Privacy Policy - Kroy Labels & Ribbons
Kroy Labels & Ribbons
https://www.kroy.com › privacy-policy
Öne çıkan snippet'ler hakkında
•
Geri bildirim

Privacy Policy - Kroy Labels & Ribbons
Kroy Labels & Ribbons
https://www.kroy.com › privacy-policy

Contact Us
Kroy Labels & Ribbons
https://www.kroy.com › co...
·
Bu sayfanın çevirisini yap
9 Tem 2018 — Contact Us. 3830 Kelley Avenue Cleveland, Ohio 44114. Phone: (888)-733-5769. Fax: (216)-426-5601. Email: info@kroy.com. Page load link. This ...",info@kroy.com,1-888-733-5769.17
schwing stetter hellas sa,https://schwing-stetter.com/de_en/index.html,"Home
SCHWING.de
https://schwing-stetter.com › ...
·
Bu sayfanın çevirisini yap
We have an extraordinarily close network of services and can always guarantee you a contact person close to you. ... Phone +49 2325 987 0. Fax +49 2325 729 ...
Contact · SCHWING Group · SCHWING hybrid · SCHWING Telematics

Online spare-parts catalogue
SCHWING.de
https://schwing-stetter.com › ...
·
Bu sayfanın çevirisini yap
Contact ... Phone +49 8331 78 0. Fax +49 8331 78 275 info@stetter.de. Social Media SCHWING ...
Eksik: index. | Şu terimi ara: index.

Hydraulic oils
SCHWING.de
https://schwing-stetter.com › ...
·
Bu sayfanın çevirisini yap
Contact ... Phone +49 8331 78 0. Fax +49 8331 78 275 info@stetter.de. Social Media SCHWING ...",info@stetter.de,+49 2325 987 0
David Gavin Salon,https://davidgavin.com/,"DAVID GAVIN SALONS
davidgavin.com
https://davidgavin.com
·
Bu sayfanın çevirisini yap
DAVID GAVIN LOCATIONS. TAMPA SALON. David Gavin Salons offer an upscale and ... About Tampa Kent Contact. Copyright © 2024 David Gavin Salons | All Rights ...
Contact · Tampa · KENT · Salon talk

CONTACT — DAVID GAVIN SALONS
davidgavin.com
https://davidgavin.com › co...
·
Bu sayfanın çevirisini yap
Email(required). Subject(required). Message(required). SubmitSubmit ... About Tampa Kent Contact. Copyright © 2024 David Gavin Salons | All Rights Reserved.

David Gavin Salon-Tampa
Facebook
https://www.facebook.com › ... › Hair Salon
However, by the activity on our telephone this week I know that patience is waning. Please know that the DG team has been stocking and preparing for you to come ...
4,7
(25)    ",,
Security National Principal,https://www.principal.com/security-policies,"Online Security Policies
Principal
https://www.principal.com › ...
·
Bu sayfanın çevirisini yap
... phone. This helps protect your ... If you have questions or comments regarding any of our security policies, procedures, or practices, please contact us.

Contact Us
Principal
https://www.principal.com › ...
·
Bu sayfanın çevirisini yap
Email address *. Re-type email address *. For login assistance, please call us ... 7:00 AM - 7:00 PM Central Standard Time. Phone number. Policy/Account ...

",,
Magic Fiber Systems Inc,https://magicfiber.com/,"Site Bağlantıları ile Web Sonucu

MagicFiber – Microfiber Cloth, Microfiber Towel, MagicFiber Buff
MagicFiber
https://magicfiber.com
·
Bu sayfanın çevirisini yap
Contact Us · FAQ · Customized & Wholesale · Privacy Policy · Terms & Conditions · Accessibility Statement. © 2019 MagicFiber. Florida, USA. All Rights Reserved ...
Contact Us
MagicFiber ® · HOME > Contact Us. Contact Us. General ...
magicfiber.com alanından daha fazla sonuç »

MagicFiber – Microfiber Cloth, Microfiber Towel, MagicFiber Buff
MagicFiber
https://magicfiber.com
·
Bu sayfanın çevirisini yap
Contact Us · FAQ · Customized & Wholesale · Privacy Policy · Terms & Conditions · Accessibility Statement. © 2019 MagicFiber. Florida, USA. All Rights Reserved ...

Privacy Policy
MagicFiber
https://magicfiber.com › pr...
·
Bu sayfanın çevirisini yap
When ordering or registering on our site, as appropriate, you may be asked to enter your name, email address, mailing address, phone ... contact us using the ...",,
TREETALES PHOTOGRAPHY,https://treetale.eu/,"Contact - TreeTale House Bed
treetale.eu
https://treetale.eu › contact
·
Bu sayfanın çevirisini yap
Contact details. SelectWood Sp. z o.o.. Address: Kunickiego 16, 95-200 Pabianice, Poland Telephone: +48 42 203 15 90. Registration Number: 388438193



House Bed - TreeTale House Bed
treetale.eu
https://treetale.eu
·
Bu sayfanın çevirisini yap
Contact. Customers. Cart · Order Page · My account. Information. Terms and ... Please enter your username or email address. You will receive a link to create a ...
Contact · Children's beds · Returns, Complaints · House beds - TreeTale House...",,+48 42 203 15 90
Brian Koehler,https://www.koehler.ca/,"Brian Koehler
koehler.ca
https://www.koehler.ca
·
Bu sayfanın çevirisini yap
I run a GNU Mailman list for an organization. The list is hosted on an Amazon EC2 instance and for years, I had no trouble sending email to list members ...

contact form
Koehler Paper
https://www.koehlerpaper.com › ...
·
Bu sayfanın çevirisini yap
Telephone. Bitte nicht ausfüllen*. Your Message*. I have read and accept data ... Service. Contact · Downloads · News · Newsletter · Press area · Information ...

Email | Brian Koehler
koehler.ca
https://www.koehler.ca › e...
·
Bu sayfanın çevirisini yap
You should see the basic application. Adding Email. We are going to modify the application so that it can send email notifications or transactional email.",,
Schonsheck Inc,https://www.schonsheck.com/,"Schonsheck, Inc.: Commercial General Contractors in Michigan
Schonsheck, Inc.
https://www.schonsheck.com
·
Bu sayfanın çevirisini yap
Contact Schonsheck, Inc.'s general contractors today to get a free quote on your ... Contact Us. ""*"" indicates required fields. Name*. First Last. Phone*. Email ...
Contact Us · About SI · Design Build Construction · Projects

Commercial Contractors in Oakland County, MI
Schonsheck, Inc.
https://www.schonsheck.com › ...
·
Bu sayfanın çevirisini yap
Contact Us · Phone · Email · Organization · How Can We Help You?

Schonsheck Inc Employee Emails and Contacts
SalezShark
https://www.salezshark.com › ...
·
Bu sayfanın çevirisini yap
Explore all about Schonsheck Inc and view email ID and phone ... Contact, Admin, HR Head Email Email and other Key ... The Official Website of the Schonsheck Inc is ...",,
Sandarne,https://sandarnecreations.com/,"Sandarne Creations
sandarnecreations.com
https://sandarnecreations.com
·
Bu sayfanın çevirisini yap
Contact us if you need help regarding app development, if your company needs ... Contact information: Phone: +46793530183. Email: info@sandarnecreations.com.

Privacy policy for MissQuiz - Sandarne Creations
sandarnecreations.com
https://sandarnecreations.com › ...
·
Bu sayfanın çevirisini yap
11 Eyl 2024 — ... email address. ... Contact Us: If you have any questions or concerns about our privacy policy, please contact us at support@sandarnecreations.com.

Jobbanken - sök jobb (by Sandarne Creations)
AppAgg
https://appagg.com › android
·
Bu sayfanın çevirisini yap
Tag därför kontakt med VPdiagnose på +46-21-172230 eller laboratoriet ... Contact us · Send Feedback · Add to AppAgg. AppAgg. New · Top · Videos · Discounts.",info@sandarnecreations.com,+46793530183
Cambridge Press,https://www.cambridge.org/,"Contact us
Cambridge University Press & Assessment
https://www.cambridge.org › ...
·
Bu sayfanın çevirisini yap
Get in touch with Cambridge University Press & Assessment: Find our Head Office address, email and phone numbers. Get contact details for different departments.

Cambridge University Press & ﻿Assessment | Contact
Cambridge University Press & Assessment
https://www.cambridge.org › ...
·
Bu sayfanın çevirisini yap
Cambridge University Press & ﻿Assessment | Contact. Skip to content. To ... Email, directcs@cambridge.org. Address, Cambridge University Press & Assessment

",directcs@cambridge.org,
Spitzer Music,http://peterspitzer.blogspot.com/,"Peter Spitzer Music Blog: November 2013
Blogger.com
http://peterspitzer.blogspot.com › ...
·
Bu sayfanın çevirisini yap
27 Kas 2013 — A couple of months ago I got an email from Doug Little, who had been one of my students way back when, when he was in high school.

Peter Spitzer Music Blog: February 2012
Blogger.com
http://peterspitzer.blogspot.com › ...
·
Bu sayfanın çevirisini yap
24 Şub 2012 — For catalogs and products, you can contact Andrew White at: ... Then - a few months ago - I got an email from the company asking if ...

Peter Spitzer Email & Phone Number | TractusMed, LLC
ContactOut
https://contactout.com › Pe...
·
Bu sayfanın çevirisini yap
Peter Spitzer phone number is +1.310.471.7447. How to contact Peter Spitzer? To contact Peter Spitzer send an email to pgspitzer@ ...",,+1.310.471.7447
HOGROAST HEAVEN LTD,https://northdevonhogroast.co.uk/,"North Devon Hog Roast
North Devon Hog Roast
https://northdevonhogroast.co.uk
·
Bu sayfanın çevirisini yap
The North Devon Hog Roast Company provides hog roast and catering hire ... CONTACT US. North Devon Hog Roasts Lower Whitsleigh Farm Roborough, Winkleigh
Contact Us · Buy Our Meat · Find out more · Events

Winkleigh Sports Centre
North Devon Hog Roast
https://northdevonhogroast.co.uk › ...
·
Bu sayfanın çevirisini yap
Contact Us. Winkleigh Sports Centre. Save yourself from cooking and come and ... Phone. 07932 657572. Email. hello@northdevonhogroast.co.uk. Website. https ...

Fremington
North Devon Hog Roast
https://northdevonhogroast.co.uk › ...
·
Bu sayfanın çevirisini yap
2 Nis 2021 — Organizer. North Devon Hog Roast. Phone. 07932 657572. Email. hello ... CONTACT US. North Devon Hog Roasts Lower Whitsleigh Farm Roborough ...",hello@northdevonhogroast.co.uk,07932 657572
传化集团有限公司,https://www.etransfar.com/,"Transfar Group Co., Ltd.
传化集团
https://www.etransfar.com › ...
·
Bu sayfanın çevirisini yap
Contact Us · CN. 搜索. MENU. Home. About Transfar. Business Development. Transfar Chemicals · Xin'an Chemicals · Transfar Logistics · Transfar Science and ...
Contact Us · Business Development · Transfar Logistics · Xin'an Chemicals

Contact Us-传化集团有限公司
传化集团
https://www.etransfar.com › ...
·
Bu sayfanın çevirisini yap
etransfar.com. Media contact：. E-mail:chuanhua@etransfar.com. 一键导航. Frendly Links. 传化化学 新安化工 传化华洋 传化涂料 传化智联 传化支付 陆运通 传化慧联 ...

浙江传化化学集团
浙江传化化学
https://www.transfarchem.com › ...
·
Bu sayfanın çevirisini yap
Email: tfmarkets@etransfar.com. Focus on us：. About us. Overview · Company Culture · Join Us · Contact Us. Products. Textile Chemicals. Solution. Textile ...",chuanhua@etransfar.com,
Atlas Excavation,https://www.atlasexcavationnc.com/,"Atlas Excavation: HOME
Atlas Excavation
https://www.atlasexcavationnc.com
·
Bu sayfanın çevirisini yap
CONTACT. Inquiries. For any inquiries, questions or commendations, please. Call: (919) 631-3521. Email: sales@atlasexcavationnc.com. or fill out the following ...

Atlas Excavation & Land Management - Raleigh ...
Yelp
https://www.yelp.com › biz
·
Bu sayfanın çevirisini yap
Phone Repair · Bars · Nightlife · Hair Salons · Gyms · Massage ... Visit Website. http://atlasexcavationnc.net. More Info. Hours. Known For. Related Cost Guides.

Atlas Excavation
LinkedIn
https://www.linkedin.com › ...
·
Bu sayfanın çevirisini yap
This philosophy has made us a ""Top Rated"" service on Home Advisor. Our clients trust that when they contact ... Welcome back. Email or phone. Password. Show.
Eksik: atlasexcavationnc. | Şu terimi ara: atlasexcavationnc.",sales@atlasexcavationnc.com,919) 631-3521
Blakely Mitchell Co,https://www.blakleymitchell.com/,"Blakley-Mitchell - 517 State St, Bristol, Virginia
Yelp
https://www.yelp.com › ... › Fashion › Men's Clothing
Phone Repair · Bars · Nightlife · Hair Salons · Gyms · Massage ... http://www.blakleymitchell.com. More Info. Hours. Known For. Yes. Accepts Credit Cards. Bike ...
4,4
(7)    

BLAKLEY-MITCHELL COMPANY, INCORPORATED Information
RocketReach
https://rocketreach.co
·
Bu sayfanın çevirisini yap
... contact details and business statistics at RocketReach ... http ... Looking for a particular BLAKLEY-MITCHELL COMPANY, INCORPORATED employee's phone or email?

SHOP & UNWIND
Believe in Bristol
https://www.believeinbristol.org
CONTACT · EVENT CALENDAR · HALLOWEEN · 2024 BIB EVENTS - PRINTABLE LIST · DISCOVER ... Blakley Mitchell Co. 517 State Street, Bristol, VA. 276-669-0116 · http:// ...",,276-669-0116
One Shot Deal Inc,https://oneshotdeal.rocks/,"One Shot Deal plays Zappa: Home
oneshotdeal.rocks
https://oneshotdeal.rocks
·
Bu sayfanın çevirisini yap
Go to our Contact Page (you'l still get on the mailing list). Newsletter Signup. First Name *. Last Name *. Email *. reCAPTCHA. If you are human, leave this ...

Contact - One Shot Deal plays Zappa
oneshotdeal.rocks
https://oneshotdeal.rocks
·
Bu sayfanın çevirisini yap
Contact Us · First Name * · Last Name * · Email * · Subject * · Message * · Which Show(s) did you attend? · Testimonial · If you are human, leave this field blank.

One Shot Deal plays the music of Frank Zappa | Another ...
Instagram
https://www.instagram.com
·
Bu sayfanın çevirisini yap
27 Eyl 2024 — https://oneshotdeal.rocks/. more. View all 15 comments. October 9 ... Contact Uploading & Non-Users · Meta Verified · More content. English.",,
Great Lakes Radiologists,https://www.glmi.com/,"Contact Us – Great Lakes Medical Imaging
Great Lakes Medical Imaging
https://www.glmi.com
·
Bu sayfanın çevirisini yap
Contact Us. Contact Us. How Can We Help You? Contact. First Name:*. Last Name:*. Email Address:*. Phone Number ... (716) 836-4696. NEW AT GLMI: Customer ...

WNY Medical Imaging Services
Great Lakes Medical Imaging
https://www.glmi.com
·
Bu sayfanın çevirisini yap
... GLMI as their provider for imaging services. Discover About Us. An error ... Contact us directly at. (716) 836-4646 (716) 836-4696. Leave a Google review ...
For Patients · Orchard Park- Big Tree · Contact Us · Locations

Imaging Services
Great Lakes Medical Imaging
https://www.glmi.com
·
Bu sayfanın çevirisini yap
At GLMI, we pledge to “Image Wisely”: -Put our patients' safety, health ... Contact us directly at. (716) 836-4646 (716) 836-4696. Leave a Google review ...
Wide Bore 3.0T Magnet · Wide Bore High Field MRI · PET/CT Scan · Ultrasound",,716) 836-4696
Magician Ashoka Roy - India,https://www.justdial.com/Ahmedabad/Ashoka-Roy-Near-Chandra-Nagar-Brts-Bus-Stand-Near-Rangsagar-Flat-Paldi/079PXX79-XX79-120315115400-X9F3_BZDET,"Mentalist Magicians - Ashoka Roy in Paldi,Ahmedabad
Justdial
https://www.justdial.com
·
Bu sayfanın çevirisini yap
Please scroll to the top for the address and contact details of Ashoka Roy at Paldi, Ahmedabad. ... Mobile Phone Dealers · Pet Shops · Dmart · Packers And Movers.
5,0
(1)    

1 Reviews for Ashoka Roy in Paldi, Ahmedabad
Justdial
https://www.justdial.com
·
Bu sayfanın çevirisini yap
1 Customer Reviews and Ratings with Photos. Check Timings, Address, Contact Number, Photos, Maps of Ashoka Roy in Paldi, Ahmedabad - Justdial. ... Mobile Phone ...
5,0
(1)    

27 Photos of Ashoka Roy in Paldi, Ahmedabad
Justdial
https://www.justdial.com
·
Bu sayfanın çevirisini yap
... Photos of Ashoka Roy in Paldi, Ahmedabad Rated 5.0 based on 1 Customer Reviews and Ratings with 27 Photos. Visit Justdial for Address, Contact ... Mobile Phone ...
5,0
(1)    ",,
Charles Nettles Law Office,https://www.texasbar.com/attorneys/member.cfm?id=180860,,,
Dunham Service Co,https://dunhamservices.co.uk/,"Cookie Policy (EU) - Dunham Services
dunhamservices.co.uk
https://dunhamservices.co.uk
·
Bu sayfanın çevirisini yap
23 Oca 2024 — ... contact us by using the following contact details: Dunham ... Email: simon@sydigital.co.uk. Phone number: 07444141842. This Cookie ...

Contact Us | Dunham Services
dunhamservices.co.uk
https://dunhamservices.co.uk
·
Bu sayfanın çevirisini yap
Contact Us · Cookie Policy (EU) · Home · Services · Carpentry · Roofing · Windows ... Get in touch. Your Name. Email Address. Type your Services. Type your ...

Part One: Is a BRICS Currency a Flawed Idea? I Think So
Dunham & Associates Investment Counsel, Inc.
https://www.dunham.com
·
Bu sayfanın çevirisini yap
13 Kas 2023 — CONTACT. Toll-Free: (800) 442-4358; Sales: (866) 276-9534; Phone: (858) 964-0500; Fax: (858) 964-0505. LOGIN. ©2024 Dunham & Associates ...",simon@sydigital.co.uk,07444141842
The Deeping Bed,https://thedeepingbedshop.com/,"Contact Us
The Deeping Bed Shop
https://thedeepingbedshop.com
·
Bu sayfanın çevirisini yap
Contact Us You can find us at OPENING TIMES Monday- Saturday - 9am-5pm Sunday - Closed PHONE ... Email Address *. Your Message *. Send Message Loading. AREAS ...

The Deeping Bed Shop: Home
The Deeping Bed Shop
https://thedeepingbedshop.com
·
Bu sayfanın çevirisini yap
Contact Us · Extremely knowledgeable and helpful staff. They kept me updated regularly on my mattress and my bed. Old mattress and bed removed as stated. Quick, ...
Contact Us · Products · About · Useful Info

The Deeping Bed Shop, Peterborough
Yell
https://www.yell.com
·
Bu sayfanın çevirisini yap
Find The Deeping Bed Shop in Peterborough, PE6. Get contact details, videos, photos, opening times and map directions. Search for local Bed Shops near you ...",,
Carolina Specialty Cutting Tls,https://www.oellasawandtool.com/carolina-specialty-tools,"Oella Saw and Tool
Oella Saw and Tool
https://www.oellasawandtool.com
·
Bu sayfanın çevirisini yap
Don't want to miss out? Enter your email address for our mailing list top keep your self update ... Contact · Returns · Site Map · All Brands. payment SiteLock.
Eksik: carolina- | Şu terimi ara: carolina-

Carolina Specialty Tools
Oella Saw and Tool
https://www.oellasawandtool.com
·
Bu sayfanın çevirisini yap
Don't want to miss out? Enter your email address for our mailing list top keep your self update ... Contact · Returns · Site Map · All Brands. payment SiteLock.

Oella Saw & Tool
Oella Saw and Tool
https://www.oellasawandtool.com
·
Bu sayfanın çevirisini yap
Enter your email address for our mailing list top keep your self update ... Contact · Returns · Site Map · All Brands. payment SiteLock. logo-footer. © 2024 www ...",,
Thorsten Acker,https://schornsteinfeger-acker.de/,"Impressum
Thorsten Acker
https://schornsteinfeger-acker.de
·
Bu sayfanın çevirisini yap
Kontakt · Impressum · Datenschutzerklärung. Thorsten Acker ... Email: thorsten-acker t-online.de. Haftungsausschluss. 05.08.2024 06:00 Uhr ...

Datenschutzerklärung
Thorsten Acker
https://schornsteinfeger-acker.de
·
Bu sayfanın çevirisini yap
Kontakt · Impressum · Datenschutzerklärung. Thorsten Acker. Schornsteinfegermeister & Gebäudeenergieberater HWK & Fachkraft für Rauchwarnmelder gemäß DIN 14676 ...

Schattner Schornsteinfeger: Home
Schattner Schornsteinfeger
http://schattner-schornsteinfeger.de
·
Bu sayfanın çevirisini yap
Kontakt. Seite wählen. Wir suchen: Schornsteinfeger (m/w/d) ... Email Address. Ihre Nachricht. 4 + 4 = Senden. Datenschutzerklärung. § 1 ...",,05.08.2024 06
ATS AUTOMATED TRAINING SYSTEMS LTD,https://www.atstraining.co.uk/,"ATS Training - Automated Training Systems
Atstraining.co.uk
https://www.atstraining.co.uk
·
Bu sayfanın çevirisini yap
... contact us, it may be on our drawing board. Check out our latest courses VMWare. Tel. 020 8648 4000. Fax: +44 (0)20 8648 4388 Email: info@atstraining.co.uk.

Contact us
Atstraining.co.uk
https://www.atstraining.co.uk
·
Bu sayfanın çevirisini yap
ATS Training Contact Form. Name. Email. Company Name. Phone ... ATS Automated Training Systems Ltd. The Old Bakery, 55a Belmont Road, Wallington, Surrey SM6 8TE

ATS Training Services
Facebook
https://www.facebook.com › ... › ATS Training Services
To get more support and further training on this new VAT update feel free to contact ATS Training. Email: Info@ats-training.co.uk. No photo description ...",info@atstraining.co.uk,020 8648 4000
Predator Oil Ltd,https://www.predatoroilandgas.com/,"Contact
Predator Oil & Gas Plc
https://www.predatoroilandgas.com › ...
·
Bu sayfanın çevirisini yap
Find Predator Oil & Gas Holdings plc's address, telephone number and email address or use the quick form to submit enquiries ... Contact. Home Contact ...

Predator Oil and Gas Plc | Building a responsible fossil fuel ...
Predator Oil & Gas Plc
https://www.predatoroilandgas.com
·
Bu sayfanın çevirisini yap
Contact. Home. Homepage. Building a responsible fossil fuel company. Read More ... info@predatoroilandgas.com. We are using cookies to give you the best ...
Contact · Investors · About · Morocco

Cookie Policy
Predator Oil & Gas Plc
https://www.predatoroilandgas.com › ...
·
Bu sayfanın çevirisini yap
You can contact us by post at the above address or by email at info@predatoroilandgas.com. We are not required to have a data protection officer, so any ...",info@predatoroilandgas.com,
Dairylane Farms LLC,https://www.dnb.com/business-directory/company-profiles.dairylane_farms_llc.c915f0985453b01b64dfdb516faf98c9.html,"dairylane farms llc - Wisconsin Dells, WI
Dun & Bradstreet
https://www.dnb.com › bus...
·
Bu sayfanın çevirisini yap
Find company research, competitor information, contact details & financial data for DAIRYLANE FARMS LLC of Wisconsin Dells, WI. Get the latest business ...",,
Oregon Computer Solutions,https://steveshank.com/,"Oregon Computer Solutions
steveshank.com
https://steveshank.com
·
Bu sayfanın çevirisini yap
Call or Email if you have any questions. Some Client Recommendations: ""Only Steve handles my computer!! He works quickly and efficiently. I have never had a ...

Email Options
steveshank.com
https://steveshank.com › arti...
·
Bu sayfanın çevirisini yap
A look at various email options and some recommendations for better services that respect your privacy.

Forms - Oregon Computer Solutions
steveshank.com
https://steveshank.com › for...
·
Bu sayfanın çevirisini yap
Use this form for KeePass to record your password, email address and email password and other essential information my might forget or be unable to access.",,
Wigan Baptist Church,https://www.wiganbaptistchurch.com/,"Wigan Baptist Church
Wigan Baptist Church
https://www.wiganbaptistchurch.com
·
Bu sayfanın çevirisini yap
Contact · Wigan Baptist Church. Home · Activities · Children · Prayer · Worship · History · Christian Path · Contact.

Contact — Wigan Baptist Church
Wigan Baptist Church
https://www.wiganbaptistchurch.com › ...
·
Bu sayfanın çevirisini yap
Contact. Ministers. Vacant. Moderator - Rev. James Booth. Wigan Baptist Church, Scarisbrick Street, WIGAN, WN1 2BS Tel: 01942 239561- Hazel Greenhalgh ...

Wigan Baptist Church
Facebook
https://www.facebook.com › ... › Christian Church
We will be doing our best as Pastors, Deacons, the Pastoral Care Team, along with others, to remain in contact with everyone by phone and email, as home visits ...
5,0
(5)    ",,01942 239561
Dentooms Greenhouses,https://www.nurserypeople.com/nurseries/dentooms-greenhouses,"Wholesale Nurseries in Alberta, Canada
NurseryPeople
https://www.nurserypeople.com › ...
·
Bu sayfanın çevirisini yap
View all wholesale nurseries in Alberta, Canada and their contact information. View the plants that each nursery grows, and read reviews.",,
Pinsonneault Driving School,https://www.pinsonneaultdrivingschool.com/,"Pinsonneault Driving School
Pinsonneault Driving School
https://www.pinsonneaultdrivingschool.com
·
Bu sayfanın çevirisini yap
12 May 2024 — Pinsonneault Driving School. Bennington's Oldest Driving School est 1976. Home · About Us · Driving Lessons · Driver Education · Contact ...

Contact
Pinsonneault Driving School
https://www.pinsonneaultdrivingschool.com › ...
·
Bu sayfanın çevirisini yap
Pinsonneault Driving School. Bennington's Oldest Driving School est ... Contact. Comments or questions are welcome. * indicates required field. Name:*. Email ...

Enrollment Form
Pinsonneault Driving School
https://www.pinsonneaultdrivingschool.com › ...
·
Bu sayfanın çevirisini yap
Contact · Policies · Enrollment Form · Enrollment Form. Please click https://forms.gle/RmRMGeWKpACLZCMt8 and complete the form to enroll in Drivers Education ...",,
LAMBDA LIGHTING LIMITED,https://www.lambda-eu.com/,"CONTACT US | Lambda Lighting
lambda-eu.com
https://www.lambda-eu.com › ...
·
Bu sayfanın çevirisini yap
Contact. Get In Touch. +971 50 346 3616. +324 72 303 049.. Call or Email. +971 50 346 3616 +32 47 230 3049 info@lambda-eu.com.. AGENT IN EUROPE:.

Contact Us
Lambda Research Corporation
https://lambdares.com › co...
·
Bu sayfanın çevirisini yap
Corporate Headquarters. 515 Groton Road Westford, MA 01886. Phone: +1 978-486-0766. Fax: +1 978-486-0755. EMEA & Asia. Contact: Corine Cupillard Mobile Phone: + ...

Lambda Solutions: Lambda Suite - All-in-One eLearning ...
Lambda Solutions
https://www.lambdasolutions.net
·
Bu sayfanın çevirisini yap
PHONE HOTLINE: +1.877.700.1118 E-MAIL: sales@lambdasolutions.net · Contact Us. Close. Solutions. Customer ... Why us? Careers. Contact. All rights reserved.",info@lambda-eu.com,+971 50 346 3616
Fx Signs,https://www.fxcvi.com/,"Design Firm & Signage Contractor | FXcvi | Riverside
FXcvi
https://www.fxcvi.com
·
Bu sayfanın çevirisini yap
CREATING. VISUAL. IMPACT. HOME · ABOUT · PROJECTS · SERVICES · CONTACT · CAREERS. FX.png. CVI. Full site signage - Wall signs, drive thru menu, directionals ...

Contact | FXcvi | Riverside
FXcvi
https://www.fxcvi.com › c...
·
Bu sayfanın çevirisini yap
Contact. Let's Collaborate. Don't Hesitate to Get in Touch. info@fxcvi.com ... Get a Price Quote. First Name. Last Name. Email. Code. Phone. Select a Service.

About | FXcvi | Riverside
FXcvi
https://www.fxcvi.com › a...
·
Bu sayfanın çevirisini yap
FXcvi provides the expertise required to creatively conceptualize custom ... CONTACT · CAREERS. About. Design Firm & California Licensed Signage Contractor.",info@fxcvi.com,
Clube do Livro Luzes Literárias,https://oprazerdaescrita.com/clube-de-leitura-online/,"Analita Alves dos Santos
Facebook
https://www.facebook.com › ... › Analita Alves dos Santos
Inscrições através do email info@oprazerdaescrita.com. 25 de julho 21h30 - 23h00 (Horário de Portugal Continental e Madeira) 17h30 - 19h00 (Horário ...

Analita Alves dos Santos
Wook
https://www.wook.pt › autor
·
Bu sayfanın çevirisini yap
É curadora do clube de leitura «Encontros Literários O Prazer da Escrita ... email da pessoa a quem pretende fazer a sugestão. Se quiser pode ainda ...

Analita Alves dos Santos (@analitaalvesdossantos)
Instagram
https://www.instagram.com › analitaalvesdossantos
CLUBE DE LEITURA || Inspirar à ação com o livro «12 Regras para a Vida ... Contact Uploading & Non-Users · Meta Verified · More content. English. Afrikaans ...",info@oprazerdaescrita.com,
Astrocom Electronics Inc,https://www.astrocom-electronics.com/,"Astrocom Electronics Inc
LinkedIn
https://www.linkedin.com › ...
·
Bu sayfanın çevirisini yap
http://www.astrocom-electronics.com. External link for Astrocom Electronics ... Welcome back. Email or phone. Password. Show. Forgot password? Sign in. or. By ...

Astrocom Electronics (NGEAMQ4LB5U5)
HigherGov
https://www.highergov.com › ...
·
Bu sayfanın çevirisini yap
Email; Tweet. Search Awardees. Astrocom Electronics. UEI: NGEAMQ4LB5U5 • CAGE: 18068. Overview Analysis Registration ... Contact · Terms · Privacy. © 2024 ...

Astrocom Electronics Inc - Building Maintenance Mechanic
Department of Labor Home Page | Department of Labor (.gov)
https://dol.ny.gov › astrocom-electronics-inc-buil...
PDF
29 Tem 2022 — Sponsor Telephone No.: 607-432-1930 ext 159 ... If the complaint is not satisfactorily resolved, the employee has the right to contact the NYS ...",,607-432-1930
ESS Steel Systems,https://ess-steel.com/,"ESS Engineering Special Steels
ESS Steels
https://esssteels.com
·
Bu sayfanın çevirisini yap
8 Eyl 2023 — ESS Engineering Special Steels is a leading supplier of ... > Contact Us. © 2023 ESS Engineering Special Steels Howat Group PLC.

Contact Us | Bespoke Steel Construction
ESS Steel
https://group-ess.co.uk › es...
·
Bu sayfanın çevirisini yap
Contact ESS Steel · First Name · Last Name · Email Address · Phone Number · Enquiry ...

ESS Steel Detailing Services
ESS Detailing
https://essdetailing.com
·
Bu sayfanın çevirisini yap
Using 3D steel detailing and ESS detailing services to transform steel construction with precision. ... Contact Us. Our Services. Deputation Services · Pre-Bid ...",,
Eyes On Target LLC,https://eottactical.com/,"Contact
Eyes On Target Tactical
https://eottactical.com › co...
·
Bu sayfanın çevirisini yap
Contact. Contact form. Name. Email *. Phone number. Comment. Send. Facebook ... Contact information · Privacy policy. Choosing a selection results in a full page ...

Private Training - Individual
Eyes On Target Tactical
https://eottactical.com › pri...
·
Bu sayfanın çevirisini yap
After booking, you will receive an email to discuss and customize your training requirements. ... Contact information · Privacy policy. Choosing a selection ...

Products
Eyes On Target Tactical
https://eottactical.com › all
·
Bu sayfanın çevirisini yap
EOT Tactical ""All Eyes On T"" Shirt · EOT ... Contact information · Privacy policy. Choosing a selection results in a full ...",,
Aquanaut,https://www.patek.com/en/collection/aquanaut,"Aquanaut Collection | Elegant Sport Watches
Patek Philippe Official Site
https://www.patek.com › a...
·
Bu sayfanın çevirisini yap
If you are already a subscriber to Patek Philippe magazine and wish to have access to the Owners area, either contact us or email owners@patek.com, giving ...
7968/300R-001 Rose Gold · 5167A-001 Stainless Steel · 5167R-001 Rose Gold

Aquanaut Date Black Strap Stainless Steel 5167A-001
Patek Philippe Official Site
https://www.patek.com › a...
·
Bu sayfanın çevirisini yap
If you are already a subscriber to Patek Philippe magazine and wish to have access to the Owners area, either contact us or email owners@patek.com, giving ...
$24.750,00

Patek Philippe Official Site | Luxury Watches for Men & Ladies
Patek Philippe Official Site
https://www.patek.com › ...
·
Bu sayfanın çevirisini yap
Retailer names, addresses and in some cases, telephone numbers are provided in the database. ... Contact. Contact Careers Press. Follow us. Press Releases ...
Aquanaut · The Patek Philippe Sound · Patek Philippe Salons · All Models",owners@patek.com,
Del Hollingsworth Builders Inc,https://hollingsworthdesign.net/,"Hollingsworth Design: Louisiana-Based Custom Home Design
Hollingsworth Design
https://hollingsworthdesign.net
·
Bu sayfanın çevirisini yap
contact us. Book a free design consultation and start your dream home journey. come home to Hollingsworth Design. info@hollingsworthdesign.net. Baton Rouge ...
Visit the portfolio · Home starts here · About · Our Process

Contact Hollingsworth Design
Hollingsworth Design
https://hollingsworthdesign.net › ...
·
Bu sayfanın çevirisini yap
Get started by requesting a free design consultation. Contact us today ... Monday-Friday. email. info@hollingsworthdesign.net. Get started by requesting a ...

Hollingsworth Design - Company Info, Employees & Competitors
CIENCE
https://www.cience.com › h...
·
Bu sayfanın çevirisini yap
... Email · Phone · Catherine Millet. Residential Designer. Email · Phone · See Full Org Chart arrow. email-formate-icon View Email ... Hollingsworth Design contact ...",info@hollingsworthdesign.net,
Chowdhury Tourism - India,http://chowdhurytravels.in/,"Chowdhury Travels – We Believe in Our Service
Chowdhury Travels
http://chowdhurytravels.in
·
Bu sayfanın çevirisini yap
Contact Info. Chowdhury Travels. Phone: +91-7980784290. Email: chowdhury.travels@yahoo.in. 75, Dum Dum Road, Chatakol, Kolkata – 700 074. Activities. Nepal ...

Contact Us
Chowdhury Travels
http://chowdhurytravels.in › ...
·
Bu sayfanın çevirisini yap
... @yahoo.com. Name*. Email*. Phone No.*. Country*. Subject*. Message*. Contact Info. Chowdhury Travels. Phone: +91-7980784290. Email: chowdhury.travels@yahoo.in.

Chowdhury Travels | Kolkata
Facebook
https://www.facebook.com › chowdhurytravels
For More Details Contact With Us Chowdhury Travels Our Office:- Dum Dum & Sovabazar. Call/What's App:-7980784290/9681237313 Email:- chowdhury.travels@yahoo.in ...
5,0
(2)    ",chowdhury.travels@yahoo.in,+91-7980784290
Ostseehotel Stralsund,https://www.hotel-stralsund.de/,"Hotel Stralsund am Bahnhof - Das Stadt-Hotel in Stralsund ...
Hotel Stralsund am Bahnhof
https://www.hotel-stralsund.de
·
Bu sayfanın çevirisini yap
Das Hotel Stralsund · Hotelzimmer und Zimmerpreise · Zimmer buchen · Hochzeiten und Familienfeiern · Freizeit und Region · Kontakt · Anreise zum Hotel ...
Kontakt · Unser Hotel · Die Region Stralsund · Anreise Hotel zum Bahnhof...

Kontakt - Hotel zum Bahnhof
Hotel Stralsund am Bahnhof
https://www.hotel-stralsund.de › ...
·
Bu sayfanın çevirisini yap
Registergericht: Amtsgericht Stralsund. Vertreten durch: Berthold Koslowski. Kontakt. Telefon: 03831 28210-0. Telefax: 03831 28210-282. E-Mail: info@hotel- ...

HOTEL STRALSUND - Updated August 2024 - 10 Photos
Yelp
https://m.yelp.com › biz
·
Bu sayfanın çevirisini yap
Phone Repair · Bars · Nightlife · Hair Salons · Gyms · Massage ... Call Now · Visit Website. http://www.hotelzumbahnhof-stralsund.de. Known For. Other. Hotel ...
3,2
(6) · Fiyat aralığı: €€   ",,03831 28210-0
simi engineering,https://simimachinery.en.made-in-china.com/,"SIMI ENGINEERING LIMITED: Plastic Auxiliary Machines ...
Made-in-China.com
https://simimachinery.en.made-in-china.com
·
Bu sayfanın çevirisini yap
Telephone: Mobile: Fax: Sign In for Details. Address: Xiaxu Industrial Zone, Changping Town, Dongguan, Guangdong, China. Contact Supplier. The Selected ...

PVC Pipes Crushing Machine
Made-in-China.com
https://simimachinery.en.made-in-china.com › ...
·
Bu sayfanın çevirisini yap
Contact Supplier · Chat Now · Contact Supplier · Hot ProductsHot Products PriceWholesale Hot Products Star BuyerPC SiteInsights · AboutUser AgreementPrivacy ...
$3.000,00

Plastic Crusher for 20L Jerry Cans
Made-in-China.com
https://simimachinery.en.made-in-china.com › ...
·
Bu sayfanın çevirisini yap
Contact Supplier · Chat Now · Contact Supplier. Hot ProductsHot Products PriceWholesale Hot Products Star BuyerPC SiteInsights · AboutUser AgreementPrivacy ...
$600,00",,
IMCAVI S.r.l.,https://www.imcavi.com/en/,"Contacts - Cables
Imcavi
https://www.imcavi.com › ...
·
Bu sayfanın çevirisini yap
Phone. +39 011 9572772 · Address. Corso Allamano, 143/C 10098 Rivoli, Italy. LAT 45,05955 N 45° 3' 34,39188” LON 7,55665 E 7° 33' 23,93928” · Email. info@imcavi.

Special cables - Home
Imcavi
https://www.imcavi.com › ...
·
Bu sayfanın çevirisini yap
Tel. +39 011 9572772 +39 011 9572912 Fax. +39 011 9572402 Email: info@imcavi.com Copyright 2022 Imcavi S.r.l. ...

IMCAVI - Special cables - Company
Imcavi
https://www.imcavi.com › ...
·
Bu sayfanın çevirisini yap
Download IMCAVI's 2020. Brochure ... Tel. +39 011 9572772 +39 011 9572912 Fax. +39 011 9572402 Email: info@imcavi.com Copyright 2022 Imcavi S.r.l. ...",info@imcavi.com,+39 011 9572772
Aquatic Collectors Of Florida,http://floridaaquafarms.com/product-category/store/collectors/,"Florida Aqua Farms – Aquaculture Products : Aquatic Animals ...
Florida Aqua Farms
https://floridaaquafarms.com
·
Bu sayfanın çevirisini yap
Contact · Home · About Us; Categories Expand child menu. Air and Water Pumps · Aquarium Keeping DVD's · Books and Manuals · Brine Shrimp Cysts · Collectors ...
Contact Us · Shop · Live Cultures · Plankton Systems
Eksik: store/ | Şu terimi ara: store/

Collectors
Florida Aqua Farms
http://floridaaquafarms.com › ...
·
Bu sayfanın çevirisini yap
Aquaculture Products : Aquatic Animals : Live Foods: Aquatic Supplies ... Contact Us · Home / Shop / Store / Collectors. Collectors. Sort by popularity ...

Live Cultures
Florida Aqua Farms
http://floridaaquafarms.com › ...
·
Bu sayfanın çevirisini yap
Collectors · Cartridges and Filter Parts · Culture Kits · Cultured Macroalgae ... Contact Us · Home / Shop / Store / Live Cultures. Live Cultures. Sort by ...",,
Metzgerei Heiko Dohle,https://www.metzgerei-dohle.de/,"Metzgerei Heiko Dohle - Frechen: Herzlich willkommen
Metzgerei Heiko Dohle - Frechen
https://www.metzgerei-dohle.de
·
Bu sayfanın çevirisini yap
Quicklinks. Kontakt · Impressum · Datenschutz. Kontakt. Metzgerei Heiko Dohle Hauptstrasse 72 50226 Frechen. 02234-58298 info@metzgerei-dohle.de ...
Kontakt · Produkte · Herkunft unseres Fleisches · Philosophie

Impressum - Metzgerei Heiko Dohle
Metzgerei Heiko Dohle - Frechen
https://www.metzgerei-dohle.de › ...
·
Bu sayfanın çevirisini yap
Angaben gemaess § 5 TMG: Heiko Dohle Hauptstrasse 72 50226 Frechen. Kontakt. Tel.: 02234-58298 info@metzgerei-dohle.de﻿. Umsatzsteuer.

Kontakt - Metzgerei Heiko Dohle
Metzgerei Heiko Dohle - Frechen
https://www.metzgerei-dohle.de › ...
·
Bu sayfanın çevirisini yap
Heiko Dohle Hauptstrasse 72 50226 Frechen. Tel.: 02234-58298 info@metzgerei-dohle.de. Quicklinks. Kontakt · Impressum · Datenschutz. Kontakt.",info@metzgerei-dohle.de,72 50226
RHOMEROO LIMITED,https://moovitapp.com/index/en-gb/public_transportation-Rhomeroo_Limited-East_Midlands-site_271253180-2103,,,
Kelly Janitorial Svc,https://www.kellysjanitorial.com/,"Commercial Building Maintenance Services | Trenton, NJ ...
Kelly's Janitorial Service, Inc.
https://www.kellysjanitorial.com
·
Bu sayfanın çevirisini yap
For general inquiries and more information about our services, please contact us! ... Phone. 609-771-0365. Map. 228 Hazel Ave, Ewing, NJ 08638. © 2022, Kelly's ...

Kelly's Janitorial Service Inc - Trenton, NJ
Yelp
https://m.yelp.com › biz › k...
·
Bu sayfanın çevirisini yap
Phone Repair · Bars · Nightlife · Hair Salons · Gyms · Massage ... Call Now · Visit Website. http://www.kellysjanitorial.com. More Info. Hours. Known For. Related ...

Kelly's Janitorial Service Inc.
LinkedIn
https://www.linkedin.com › ...
·
Bu sayfanın çevirisini yap
About us. Website: http://kellysjanitorial.com. External link for Kelly's ... Welcome back. Email or phone. Password. Show. Forgot password? Sign in. or. By ...",,609-771-0365
The Larry Chambers Writing Company,https://www.larry-chambers.com/,"Chambers and Partners | Showcasing the Best Legal Talent
Chambers and Partners
https://chambers.com
·
Bu sayfanın çevirisini yap
Talk to a member of the commercial team to discover how we can support your needs with these latest developments. Contact us. Chambers Autumn Release. Chambers ...
Chambers USA Guide · Chambers UK Guide · Chambers Latin America Guide
Eksik: larry- | Şu terimi ara: larry-

Financial Advisor Larry Chambers in Schaumburg, IL | Redstone ...
ameripriseadvisors.com
https://www.ameripriseadvisors.com › ...
·
Bu sayfanın çevirisini yap
Financial Advisor. Redstone Wealth Advisors. Visit Larry Chambers's website. EMAIL. larry.w.chambers@ampf.com. PHONE. 847.434.1100. Ext. 55 ... Contact Larry ...

Larry Chambers
Facebook
https://www.facebook.com › larrychambersauthor
We are humbled by the outpouring of condolences and grief sent our way in emails, phone calls and social media posts. Many are asking how they can help. The ...",larry.w.chambers@ampf.com,847.434.1100
Thursday Plantation Inc,https://thursdayplantation.com.au/,"Contact Us
Thursday Plantation | Australia
https://thursdayplantation.com.au › ...
·
Bu sayfanın çevirisini yap
59 Kirby Street, Rydalmere, NSW 2116, Australia. Customer Service: 1800 952 228. SEND US A MESSAGE. Name*. Email*. Phone*. Message*. By submitting this contact ...

Home | Thursday Plantation | Australia
Thursday Plantation
https://thursdayplantation.com.au
·
Bu sayfanın çevirisini yap
If symptoms persist, talk to your health professional. Help. Contact Us Where to Buy ... FacebookTwitterLinkedinPinterestEmail. Instagram. Hide photo (admin).
Contact Us · Products · Essential Oils · Where To Buy

",,1800 952 228
Old Barn Dental Practice Limited,https://www.cqc.org.uk/provider/1-153018192/services,"Contact: Old Barn Dental Practice Limited
Care Quality Commission
https://www.cqc.org.uk › co...
·
Bu sayfanın çevirisini yap
Map and contact details. Old Barn Dental Practice Limited. 2 The Old Stables Manor Farm Road, Bere Regis Wareham Dorset BH20 7HD. Telephone. (01929) 471023 ...",,01929) 471023
Realschule Hochdahl,http://www.realschulehochdahl.de/,"Kontakt | Realschule Hochdahl
Realschule Hochdahl |
http://www.realschulehochdahl.de › ...
·
Bu sayfanın çevirisini yap
Kontakt. Rankestraße 4 - 6 | 40699 Erkrath 02104 / 21 66 50 02104 / 21 66 51 post@rs-hochdahl.de http://www.realschulehochdahl.de. Suchformular. Suche ...

Realschule Hochdahl |
Realschule Hochdahl |
http://www.realschulehochdahl.de
·
Bu sayfanın çevirisini yap
Kontakt. Rankestraße 4 - 6 | 40699 Erkrath 02104 / 21 66 50 02104 / 21 66 51 post@rs-hochdahl.de http://www.realschulehochdahl.de https://www.facebook.com ...
Kontakt · Kollegium · Terminkalender · Uwe Heidelberg

Impressum | Realschule Hochdahl
Realschule Hochdahl |
http://www.realschulehochdahl.de › ...
·
Bu sayfanın çevirisini yap
Kontakt. Rankestraße 4 - 6 | 40699 Erkrath 02104 / 21 66 50 02104 / 21 66 51 post@rs-hochdahl.de http://www.realschulehochdahl.de https://www.facebook.com ...",post@rs-hochdahl.de,21 66 50 02104
Applied Consulting Group Inc,https://appliedconsultinggroup.net/,"Contact
Applied Consulting Group
https://appliedconsultinggroup.net › ...
·
Bu sayfanın çevirisini yap
Telephone ... CONTACT PAUL STEBERGER OF APPLIED CONSULTING GROUP TODAY: (888) 208-0020 · CLICK to Email Paul at Applied Consulting Group, CLICK to Send Paul a ...

Home - Applied Consulting Group- Telecom Audits, Utility ...
Applied Consulting Group
https://appliedconsultinggroup.net
·
Bu sayfanın çevirisini yap
Click the video to quickly understand what we can do for you, email prs@auaus.net. CONTACT PAUL STEBERGER OF APPLIED CONSULTING GROUP TODAY: (888) 208-0020.

Refunds And Savings
Applied Consulting Group
https://appliedconsultinggroup.net › ...
·
Bu sayfanın çevirisini yap
CONTACT PAUL STEBERGER OF APPLIED CONSULTING GROUP TODAY: (888) 208-0020 · CLICK to Email Paul at Applied Consulting Group, CLICK to Send Paul a Text ...",prs@auaus.net,888) 208-0020
Ev. Familien-Bildungsstätte Salzgitter,https://www.efbsalzgitter.de/,"KURSE 2018 – 2019
Ev. Familien-Bildungsstätte Salzgitter
https://www.efbsalzgitter.de › Programmheft_18_19
PDF
Kontakt: 05341/836330; info@efbsalzgitter.de; www.efbsalzgitter.de. Fax: 05341 836 33 33 www.facebook.com/hierkannichmichentfalten. Willkommen. Schade, dass ...
51 sayfa

EFB Salzgitter ""Evangelische Familienbildung für alle"" - ...
Facebook
https://www.facebook.com › photo
... Email (efbsalzgitter@lk-bs.de) zum Termin an. Wir freuen uns auf schöne Geschichten, kreatives Basteln und Spielspaß! #efb #salzgitter #vorlesen #lesen ...

1. Lebensjahr | familie-sz - Stadt Salzgitter
salzgitter.de
https://www.salzgitter.de › ...
·
Bu sayfanın çevirisini yap
Kontakt. 05341 8394541 · familienservicestadt.salzgitterde. Wie finden wir Kontakt zu anderen Familien? Mit der Geburt eines Kindes verändern sich häufig ...",info@efbsalzgitter.de,836330
Petticoats Dance Fashion,https://petticoatsdancefashion.com.au/,"Contact Us at Petticoats Dance Fashion
Petticoats Dance Fashion
https://petticoatsdancefashion.com.au › ...
·
Bu sayfanın çevirisini yap
Please fill in the contact page below or contact us directly at sandym@smartchat.net.au. If you prefer, feel free to phone 02 6654 8777 or 0412 050 279. ... Email ...

Petticoats Dance Fashion | Woolgoolga NSW
Facebook
https://www.facebook.com › ... › Retail company
10pcs - $16.00 ea 20pcs - $14.00 ea 40pcs - $12.00 ea Please secure your quantity online and then you will need to email or phone ... contact you for the ...
5,0
(1)    

Track Your petticoatsdancefashion.com.au Order Status
AfterShip
https://www.aftership.com › ...
·
Bu sayfanın çevirisini yap
... https://petticoatsdancefashion.com.au/shipping. AfterShip logo. AfterShip for Shoppers ... Email · SMS · Popups & Forms · Reviews · Personalization ... Contact ...",sandym@smartchat.net.au,02 6654 8777
Shoe Garden,https://www.shoegarden.co.uk/,"Web'den öne çıkan snippet
Our contact details
If you wish to contact us, please send us an email to info@shoegarden.co.uk. You can also write to us at Shoegarden, 66 Church End, Cambridge CB1 3LB or call us on 01223 244750.

Privacy, GDPR and Cookie Policy - Shoegarden
shoegarden.co.uk
https://www.shoegarden.co.uk › pages › privacy-gdpr-an...
Öne çıkan snippet'ler hakkında
•
Geri bildirim

Privacy, GDPR and Cookie Policy - Shoegarden
shoegarden.co.uk
https://www.shoegarden.co.uk › pages › privacy-gdpr-an...

Shoegarden - Haflinger leather, wool and felt clogs and slippers.
shoegarden.co.uk
https://www.shoegarden.co.uk
·
Bu sayfanın çevirisini yap
CONTACT US. Phone: 01223 244750. Email: info@shoegarden.co.uk. OFFICE ADDRESS 66 Church End Cherry Hinton Cambridge CB1 3LB. EXPLORE. FAQ · Delivery Information ...
Haflinger · Sale · Women' Shoes,Boots and... · Women's shoes",info@shoegarden.co.uk,01223 244750
Çaba Elektrik,http://www.cabaelektrik.com.tr/,"Çaba Elektrik
LinkedIn Australia
https://au.linkedin.com › company › çaba-elektrik
About us. Website: http://cabaelektrik.com.tr. External link for Çaba ... Welcome back. Email or phone. Password. Show. Forgot password? Sign in. or. By ...

Adem Bereketoğlu - ÇABA ELEKTRİK ELEKTRONİK
LinkedIn
https://tr.linkedin.com › ...
Türkiye · GENEL MÜDÜR · ÇABA ELEKTRİK ELEKTRONİK
Oca 2003 - Halen 21 yıl 10 ay. KADIKÖY-İSTANBUL. Eğitim. İTÜ ELEKTRİK MÜH. ELEKTRİK MÜH. 1990 - 1994. Web Siteleri. Şirket Web Sitesi: http://cabaelektrik.com.

Çaba Elektrik Management Team | Org Chart
RocketReach
https://rocketreach.co › ...
Çaba Elektrik Profiles Available on RocketReach. 1 Profile. Looking for a particular Çaba Elektrik employee's phone or email? Find Info. Related Companies.",,
Ekonom,https://www.ekonomim.com/,"Ekonomi Gazetesi: Abonelik Anasayfa
Ekonomim
https://abone.ekonomim.com
* Dijital erişim ve eMail bilgilendirme. Ödeme Planını Seçin. 1 Yıl Abonelik - 1500 TL; 6 Ay Abonelik - 800 TL. Abone Ol. Tr MONITOR. Tr MONITOR - Digital. NEWS ...

ekonomim.com: Contact Information, Journalists, and ...
Muck Rack
https://muckrack.com › media-outlet › ekonomim
Contact information. Get contact information for ekonomim.com and ekonomim.com journalists by joining Muck Rack. Learn More · Website. http://ekonomim.com ...

nasıl bir ekonomi (@nbekonomi)
Instagram
https://www.instagram.com › nbekonomi
https://www.ekonomim.com/e-mercek #EkonomiGazetesi #EkonomiHaberleri ... Contact Uploading & Non-Users · Meta Verified · More content. English. Afrikaans ...",,
The English Blind Company,https://www.englishblinds.co.uk/?srsltid=AfmBOoqFNcOH-uh_0kJxDWtiaFUg7PbGEGpQ-4a9mWhfpD-izW0RjGtq,,,
GAMBLE FOODS LIMITED,https://gamblefs.co.uk/?srsltid=AfmBOopLEIYMiQLxf2IUU90bPoU8FNsDOU-1x6ZPrOqqXO9GSWnE5o7v,,,
Hawkeye Exterior Inc,https://www.4hawkeye.com/,"Hawkeye Exteriors, Inc
4hawkeye.com
https://www.4hawkeye.com
·
Bu sayfanın çevirisini yap
CLIENTS. CERTIFICATES. CONTACT. CONTACT US. Inquiries. For any inquiries, please call: 703 335-0123 or fill out the following form. Success! Message received.

Contact Us - Hawkeye
hawkeyecompany.com
https://hawkeyecompany.com › ...
·
Bu sayfanın çevirisini yap
Contact Us. EMAIL US. Your Name*. Your Email*. Your Phone. Message. 88615 ... (833) 4HAWKEYE. Mail Us. 114 N Pat St, Scott LA, 70583 · About Us. As a leading ...

HAWKEYE EXTERIORS, INC. - Updated October 2024
Yelp
https://www.yelp.com › biz
·
Bu sayfanın çevirisini yap
Phone Repair · Bars · Nightlife · Hair Salons · Gyms · Massage ... Visit Website. http://www.4hawkeye.com. Known For. You might also consider. Sponsored. Marines ...
5,0
(1)    ",,703 335-0123
Dogwood Veterinary Hospital and Laser Center,https://dogwoodvet.com/,"Dogwood Veterinary Hospital & Laser Center | Newnan, GA
Dogwood Veterinary Hospital & Laser Center
https://dogwoodvet.com
·
Bu sayfanın çevirisini yap
I also Love that they always follow up with a email and even a phone call to check up on them afterwards. ... Contact Us. Monday. 7:00am - 5:00pm. Tuesday. 7 ...
Contact Us · Services · Our Doctors · Payment Options

Contact Us | Dogwood Veterinary Hospital in Newnan, GA
Dogwood Veterinary Hospital & Laser Center
https://dogwoodvet.com › ...
·
Bu sayfanın çevirisini yap
Contact Us. 24 Hospital Road, Newnan, GA 30263 USA | 770 ... Request an appointment time or request a prescription refill. Your Name*. First Last. Your Email*.

Dogwood Veterinary Clinic
Facebook
https://www.facebook.com › ... › Veterinarian
For questions or concerns, please email us at dogwoodvetclinic@gmail.com. We apologize for any inconvenience and are working on resolving the issue.
5,0
(15)    ",dogwoodvetclinic@gmail.com,
Perfect Packaging L.L.C,https://perfectpackprint.com/,"PERFECT PACKAGING LLC
perfectpackprint.com
https://perfectpackprint.com
·
Bu sayfanın çevirisini yap
Welcome to PERFECT PACKAGING LLC. All in One Solution for Packaging and Printing for your Brand/Company. Home Products About Us Contact Us ... Email: perfect.

Contact Us - PERFECT PACKAGING LLC
perfectpackprint.com
https://perfectpackprint.com › ...
·
Bu sayfanın çevirisini yap
Contact Us ; P.O. Box : 9000, Shed No: 4, Jurf Industrial Zone 2, Ajman, United Arab Emirates. ; Call or WhatsApp: +971 507331034, +971 562625507 ; Email: perfect.

Slotted Carton Box in Ajman - Perfect Packaging LLC
Tradersfind.com
https://www.tradersfind.com › ...
·
Bu sayfanın çevirisini yap
TO: Perfect Packaging LLC. Describe in few words *. +Add Attachment. Email ID * ... contact no +971 502943313 · whatsapp +971 569773623 · support no support ...",,+971 507331034
Buck Security Inc,https://www.buckssecurityltd.co.uk/,"Web'den öne çıkan snippet
T: 01494 416341 E: info@buckssecurityltd.co.uk.4 Mar 2024

Bucks Security - Domestic & Commercial Security
Bucks Security
https://www.buckssecurityltd.co.uk
Öne çıkan snippet'ler hakkında
•
Geri bildirim

Bucks Security - Domestic & Commercial Security
Bucks Security
https://www.buckssecurityltd.co.uk

Contact Us
Bucks Security
https://www.buckssecurityltd.co.uk › ...
·
Bu sayfanın çevirisini yap
4 Mar 2024 — ... contact us now. Bucks Security Unit 1 Oakengrove Road Hazlemere ... Get in touch with Bucks Security. Name*. First Last. Phone**. Email*.",info@buckssecurityltd.co.uk,01494 416341
Aliandi Rabbit & Guinea Pig Boarding Wirral,https://www.wirralrabbitandguineapigboarding.com/,"Site F: Land West of Raby Hall, Raby Hall Road, Raby Mere
Programme Officers
https://programmeofficers.co.uk › Wirral › CDF
PDF
26 Nis 2022 — ... contact details for Traveline and its website www.traveline ... Telephone 0151 726 2000. Email Liverpool@curtins.com. Web https://www ...",Liverpool@curtins.com,0151 726 2000
西双版纳州龙新橡胶有限公司,https://www.huaxiataike.com/company/e8dP0hYWVppe7EtaLqo.html,,,
Cogiton GmbH,http://www.cogiton.de/,"COGITON
Cogiton GmbH
http://www.cogiton.de
·
Bu sayfanın çevirisini yap
Cogiton ist ein Projektentwicklungs- und Investorunternehmen, das stolz ... Kontakt / Impressum. So erreichen Sie uns: Geschäftsführer: Andreas Barke ...

Cogiton GmbH Company Profile
Dun & Bradstreet
https://www.dnb.com › bus...
·
Bu sayfanın çevirisini yap
Find company research, competitor information, contact details & financial data for Cogiton GmbH of Hamburg, Hamburg. Get ... What is Cogiton GmbH's phone number?

Cogiton GmbH Bauberatung Hamburg Neustadt
Hamburg.de
https://www.hamburg.de › ...
·
Bu sayfanın çevirisini yap
Cogiton GmbH. Bauberatung und Baugewerbe. Adresse und Kontaktdaten. Merken. Teilen. Twitter. Facebook. Pinterest. Kontakt speichern. Karte vergrößern. Adresse.",,
Progressive Fillers Intl Inc,https://www.pfillers.com/,"Progressive Fillers International: Home
Progressive Fillers International
https://www.pfillers.com
·
Bu sayfanın çevirisini yap
Phone: (423) 629 0007. Contact Us. Progressive Fillers International 2404 East 28TH Street Chattanooga, TN 37407. PO Box 2600 Chattanooga, TN 37409. Phone: ...

Inline Filling Systems
Inline Filling Systems
https://www.fillers.com
·
Bu sayfanın çevirisini yap
Engineering custom liquid filling lines for over 25 years with the widest technical range of filling machinery. Our Machines · Contact Us ...

Contact Us | Dental treatment & Beautiful Smile
DentSpa
https://www.dentspa.com.tr › ...
·
Bu sayfanın çevirisini yap
Contact us · +90 850 255 8888 · Istanbul, Turkey · Mon-Sun: 8am - 11pm.",,423) 629 0007
Hundeschule Braun,https://www.hundeschule-braun.de/,"Kontakt
Hundeschule Braun
https://www.hundeschule-braun.de › ...
·
Bu sayfanın çevirisini yap
Kontakt. Gerne beraten wir Sie telefonisch. Sie können uns aber auch eine kurze Nachricht senden. Wir rufen Sie dann zurück.

Hundeschule Braun | ""Genießen das Zusammenleben mit ...
Hundeschule Braun
https://www.hundeschule-braun.de
·
Bu sayfanın çevirisini yap
hundeschule-braun@t-online.de. Fon: 02238 – 9202090. Fax: 02238 – 9202091. Mobil: 0170 ... Kontakt · Apex WordPress Theme by Compete Themes. Scroll to the top.

Datenschutzerklärung
Hundeschule Braun
https://www.hundeschule-braun.de › ...
·
Bu sayfanın çevirisini yap
Mobil: 0170 – 2447444 0170 – 2448444. Impressum · Datenschutzerklärung · Cookie-Richtlinie · Kontakt · Apex WordPress Theme by Compete Themes. Scroll to the ...",hundeschule-braun@t-online.de,9202090
Higginson Investments,https://higginsonstrategy.com/,"Contact
Higginson Strategy
https://higginsonstrategy.com › ...
·
Bu sayfanın çevirisini yap
Contact. If you would like to get in touch, please use the contact ... Email: john.h@higginsonstrategy.com · logo. London: 1st Floor Runway East 2 ...

Higginson Strategy | Communications & PR Agency London
Higginson Strategy
https://higginsonstrategy.com
·
Bu sayfanın çevirisini yap
Contact · john.h@higginsonstrategy.com. Purpose Driven Change. What we do ... Email: john.h@higginsonstrategy.com · logo. London: 1st Floor Runway East 2 ...
Team · Contact · Careers · Environmental PR

Careers
Higginson Strategy
https://higginsonstrategy.com › ...
·
Bu sayfanın çevirisini yap
Contact · john.h@higginsonstrategy.com. Careers. We are always on the look out ... Email: john.h@higginsonstrategy.com · logo. London: 1st Floor Runway East 2 ...",john.h@higginsonstrategy.com,
Bodhi Restaurant,https://www.bodhirestaurant.com.au/,"Bodhi Restaurant Bar: Vegan Restaurant | Sydney
Bodhi Restaurant Bar
https://www.bodhirestaurant.com.au
CONTACT US. Bodhi-horizontal-RGB-white.png. Tel: +61 (02) 9360 2523 2 - 4 ... Phone · Email. bottom of page.
About · Menus · In the press · Newsletter sign up

Bodhi Restaurant Bar | Sydney NSW
Facebook
https://www.facebook.com › bodhirestaurantbar
Contact us today to discuss your ideas and turn your dream event into a reality ✨ . . . . . #bodhirestaurantbar #loveeverybodhi #bodhievents ...
4,1
(317)    

In the press | bodhi
Bodhi Restaurant Bar
https://www.bodhirestaurant.com.au › press
Check out the full article here. MENUS · CONTACT US. Bodhi-horizontal-RGB-white ... Phone · Email. bottom of page.",,+61 (02) 9360 2523 2
Happy Rainbow Factory,https://www.therainbowfactory.co.uk/,"Rainbow Factory
therainbowfactory.co.uk
https://www.therainbowfactory.co.uk
·
Bu sayfanın çevirisini yap
To find out more contact buildingadministrator@youthaction.org · YouthAction. 14 College Square North, Belfast,BT1 6AS. Telephone 028 90240551. Inland Revenue ...
Contact and application form... · What's On · About Us · Programmes

Contact and application form for the Rainbow Factory
therainbowfactory.co.uk
https://www.therainbowfactory.co.uk › ...
·
Bu sayfanın çevirisini yap
Contact Us. Name: Email: Phone: Message ...

About YouthActions' Rainbow Factory School of Performing Arts
therainbowfactory.co.uk
https://www.therainbowfactory.co.uk › ...
·
Bu sayfanın çevirisini yap
To find out more contact buildingadministrator@youthaction.org · YouthAction. 14 College Square North, Belfast,BT1 6AS. Telephone 028 90240551. Inland Revenue ...",buildingadministrator@youthaction.org,028 90240551
Harald Taube,https://www.calvendo.de/galerie/autor/harald-taube/?,"Bookmark.ie. Search
Thebookmark.ie
https://www.thebookmark.ie › search
Contact Us · Biography. back; Autobiography · School Books. back; Primary School. back; Junior Infants · Senior Infants · First Class · Second Class · Third ...",,
Visual Thought Communication,https://www.visualthought.com.au/,"visual thought communication: Web Design Sydney Australia ...
visualthought.com.au
https://www.visualthought.com.au
·
Bu sayfanın çevirisini yap
Email Address. Your Message. Send your message. Adrian Oldham visual thought communication. ABN 15 177 908 352. info@visualthought.com.au. Newington NSW 2127

VISUAL THOUGHT COMMUNICATION ...
Yelp
https://www.yelp.com › biz
·
Bu sayfanın çevirisini yap
Phone Repair · Bars · Nightlife · Hair Salons · Gyms · Massage ... http://www.visualthought.com.au. More Info. Hours. Known For. Related Cost Guides. Florists ...

VISUAL THOUGHT COMMUNICATION - Updated September 2024
Yelp
https://m.yelp.com › biz › vi...
·
Bu sayfanın çevirisini yap
VISUAL THOUGHT COMMUNICATION in Bella Vista, reviews by real people. Yelp is a ... Phone Repair · Bars · Nightlife · Hair Salons · Gyms · Massage · Shopping ...",info@visualthought.com.au,15 177 908 352
AUSUS Services,https://www.asus.com/support/,"Official Support | ASUS Global
ASUS
https://www.asus.com › sup...
·
Bu sayfanın çevirisini yap
MyASUS offers various support features like problem troubleshooting. MyASUS for Windows · MyASUS for Phone. Contact us. Contact with ASUS Support. Email us ...
ASUS Download Center · Contact Us · Call Us · ASUS USA



",,
Gym Rental Company,https://www.gymrentalcompany.co.uk/,"Contact us
Gym Rental Company
https://www.gymrentalcompany.co.uk › ...
·
Bu sayfanın çevirisini yap
Contact details info@gymrentalcompany.co.uk · +44 (0) 1224 899 949. The functionality of Life Fitness cardio products is key to the success of our engagement ...

Gym Rental Company - About Us
Gym Rental Company
https://www.gymrentalcompany.co.uk › ...
·
Bu sayfanın çevirisini yap
contact us. about us. The Gym Rental Company is dedicated to providing gyms ... E: info@gymrentalcompany.co.uk · Vulnerability Disclosure Policy Privacy ...

Privacy Policy
Gym Rental Company
https://www.gymrentalcompany.co.uk › ...
·
Bu sayfanın çevirisini yap
contact information including email address; demographic information such as ... E: info@gymrentalcompany.co.uk · Vulnerability Disclosure Policy Privacy ...",info@gymrentalcompany.co.uk,1224 899 949
