sirket_adi,website,email,phone
Luminova GmbH,https://luminovo.com/,E-posta bulunamadı,51386
Baja Winery Tours,https://bajawinerytours.com/,E-posta bulunamadı,1729961995
winechina.com,http://www.winechina.com/en/,Zaman aşımına uğradı,Zaman aşımına uğradı
Tcp Solutions Plc,https://find-and-update.company-information.service.gov.uk/company/07835216,E-posta bulunamadı,0 0 32 30
New Well Tech Industries - India,https://www.welltechindia.com/,info@welltechindia.com,013879
FLAT EARTH SCENERY AND STAGING LIMITED,https://www.flat-earth.co.uk/,E-posta bulunamadı,3009200
Enigma Car,https://www.enigma-r.com/,ostanek.ales@gmail.com,50273344
Cw Auto Body Inc,https://cwautobody.com/,E-posta bulunamadı,2012-09-26
Copyright 2014 Esteem Consultancy,https://www.neverbounce.com/company/esteem-psychological-consultancy/430472644,John@esteemconsultancy.com.au,400 800
Philorth Plant Services Ltd,https://find-and-update.company-information.service.gov.uk/company/SC327484,E-posta bulunamadı,0 0 32 30
SM Capital AG,https://www.smcapital.sm/,info@smcapital.sm,200513161-1
Fahrschule Michael Knoll,https://fahrschule-knoll.eu/,E-posta bulunamadı,600 32
Appalachian Community Ent,https://appalachiancommunitycapitalcdfi.org/,dgambrell@acc1.org,91-0-4472
HAIRSTYLER LIMITED,https://www.thehairstyler.com/,bootstrap@4.6.0,13000
Falciani Machine Inc,https://www.govcb.com/government-vendors/profile-PRE00000000001450084-falciani-machine-inc-Madison-AL.htm,E-posta bulunamadı,357588958
Georg Lehmacher,https://atelierlehmacher.de/,E-posta bulunamadı,2024-07-30
Training Police,https://www.cepol.europa.eu/,info@cepol.europa.eu,41337
13th Beach Osteopathy,https://www.13thbeachhealthservices.com.au/,E-posta bulunamadı,91-0-4472
Mike Dimaio Sales,https://www.ropesgray.com/en/people/d/michael-dimaio,Michael.DiMaio@ropesgray.com,254920
Little Texans,https://www.littletexanschildcarecenter.com/,core-js-bundle@3.2.1,1.14709.0
Steinweible,http://www.steinweible.de/,yvonne.haufler@online.de,1724143388249
Plasma Hire Ltd,https://www.plasmascreenhire.com/,E-posta bulunamadı,101010
CALSOFT PRIVATE LIMITED,https://www.calsoftinc.com/,Zaman aşımına uğradı,Zaman aşımına uğradı
Cascana Construction Inc,https://www.cascanaconstruction.com/,info@cascanaconstruction.com,2219024
ST. CHRISTOPHERS MOTOR COMPANY LIMITED,https://www.stchristopherscars.co.uk/,E-posta bulunamadı,313131
I-Galax Web Consultant Pvt Ltd - ADsTag.com,https://rocketreach.co/i-galax-web-consultant-pvt-ltd-adstagcom-technology-stack_b44b2c83fd06611f,E-posta bulunamadı,06611
Access Cash Canada Co,https://www.access-cash.com/,sales@access-cash.ca,+1 888 289 3939
Rasierteladies,https://www.zoominfo.com/c/rasierteladies/560522051,jwt-searchservice@zoominfo-searchservice-1.iam.gserviceaccount.com,400 800
深圳市铂恩科技有限公司,https://www.huaxiataike.com/company/LM1M1BZCWcZd70FZI6g.html,Zaman aşımına uğradı,Zaman aşımına uğradı
Komazawa University,https://www.komazawa-u.ac.jp/english/,E-posta bulunamadı,261609
Sun Energies,https://www.sunenergies.ro/en,office@sunenergies.ro,202305221
Genisis Currency Automation Systems - India,https://genesis.global/,E-posta bulunamadı,765085202231066
Musix Resources Inc,https://www.dnb.com/business-directory/company-profiles.music_resources_inc.aa17b83e4d049d895963cefa291a0f03.html,E-posta bulunamadı,895963
Bauraum Bremen E.V.,https://www.bauraum-bremen.de/,info@bauraum-bremen.de,345193696
GCP Consult ApS,https://cloud.google.com/consulting,E-posta bulunamadı,16541431319
Environmental Engineering,https://www.eeer.org/,Zaman aşımına uğradı,Zaman aşımına uğradı
Smooth Travel,https://www.smooth-travel.com/,E-posta bulunamadı,99130
Windscreenreplacement,https://www.autoglass.co.uk/,E-posta bulunamadı,2684527211
Community Pizzeria Inc.,https://communitybeergarden.com/,briana@communitybeergarden.com,2024-02-29
GAS INSTALLERS WORKMATE LTD,https://find-and-update.company-information.service.gov.uk/company/07665966,E-posta bulunamadı,0 0 32 30
Tibri,https://altibri.edu.pk/,info@altibri.edu.pk,103.4.92
Preventive Dental Practice,https://www.preventive-dental.co.uk/,preventivedentalpractice@gmail.com,8859-1
Sawmill Saloon,https://sawmillsaloonrestaurant.com/,E-posta bulunamadı,2-4883
Rajpura Steel Emporium - India,https://www.indiamart.com/rajpurasteelemporiumnewdelhi/profile.html,E-posta bulunamadı,94105
Savvia Home Loans,https://savihl.com/,E-posta bulunamadı,600 32
Facets of Healing,https://www.annahelizabeth.com/,john.smith@example.com,600 32
Comiran | کام یران,https://www.iranair.com/,Zaman aşımına uğradı,Zaman aşımına uğradı
Luminaire galarneau,https://luminairegalarneau.com/,raymond@luminairegalarneau.com,2024-10-18
Kasims Indian Cafe,https://kasimsindiancafe.com.au/,E-posta bulunamadı,20201127
X Unlimited Corp,http://www.xcorporation.com/,E-posta bulunamadı,8859-1
North Canton Family Physicians,https://www.pioneerphysicians.com/portfolio-items/north-canton-family-physicians/,E-posta bulunamadı,91-0-4472
International Zoological,https://www.iczn.org/,iczn@nus.edu.sg,1543995461
MOBIL EXPLORATION INDONESIA INC.,https://corporate.exxonmobil.com/locations/indonesia,E-posta bulunamadı,0.06666
Villa Gigli,https://www.villagigli.it/en/,E-posta bulunamadı,101010
Managen en Zo B.V.,https://www.managenenzo.nl/,E-posta bulunamadı,600 32
Flores Aurora,https://www.floresaurora.com/,core-js-bundle@3.2.1,1.14709.0
Isabelle Batz LLC,https://isabellebatz.com/product/i-put-a-spell-on-you-top/,Zaman aşımına uğradı,Zaman aşımına uğradı
DMS Technologies,https://dmstech.co.uk/,sales@dmstech.co.uk,409983
Merge Left,https://pandas.pydata.org/docs/reference/api/pandas.merge.html,E-posta bulunamadı,0714285705
PRODART LOCUÇÃO DIGITAL,Site bulunamadı,Site bulunamadı,Site bulunamadı
Farmacias Gi Coahuila,https://farmaciasgi.com.mx/,E-posta bulunamadı,75739
Michael Bowen Financial Services Pty Ltd,https://www.michaelbowen.ca/,michael.bowen@iaprivatewealth.ca,91-0-4472
East Grinstead Man and Van,https://quickmanandvan.co.uk/man-and-van-east-grinstead/matty,E-posta bulunamadı,212121
"Silver State Tire Company, Inc.",https://silverstaterep.com/,micah@micahrich.com,8.0.0000
Air Traffic Controllers Guild India,https://atcguild.in/,E-posta bulunamadı,0.2116
Mike Day Garden Maintenance,https://mikedaygardening.co.uk/,micah@micahrich.com,8.0.0000
FAYYAZ LIMITED,https://find-and-update.company-information.service.gov.uk/company/08838881,E-posta bulunamadı,0 0 32 30
KSconsulting,https://www.ksdanismanlik.com/,core-js-bundle@3.2.1,1.14709.0
STRICKLANDS AUTO,https://www.stricklands.com/en,E-posta bulunamadı,Telefon numarası bulunamadı
Compac Financial Group Inc,https://compac.ca/accounting-business-consulting-mobile/,info@compac.ca,2023-02-12
NazarporsPoll,Site bulunamadı,Site bulunamadı,Site bulunamadı
Baugeschäft Werner Otto E.K.,https://www.ece.com/de/unternehmen,E-posta bulunamadı,1998-2024
World Wide Plumbing Supply Co,https://wwplumbingsupply.com/,E-posta bulunamadı,8859-1
Valderrama Group Inc,https://pitchbook.com/profiles/company/150979-24,info@pitchbook.com,150979-24
Gästehaus Am Josl-Hof,https://www.josl-hof.de/,schilhorn@josl-hof.de,37015
Galeela - גלילא,Site bulunamadı,Site bulunamadı,Site bulunamadı
MF2K,http://www.mf2k.co.uk/,info@mf2k.co.uk,0141 420 1123
DV Pediatrics LLC,https://dvpediatrics.com/,Zaman aşımına uğradı,Zaman aşımına uğradı
Heurtaux,https://heurtaux.fr/en/stations-et-centres-de-lavage-automobile-haute-pression-english/,E-posta bulunamadı,4485757
Tech-System,https://techsystems.in/,prashant@techsystems.in,87600
McCoys Services,https://mccoysservicesinc.com/,mccoysservicesinc@gmail.com,20100101
JIGGED VAPING LIMITED,https://www.gosmokefree.co.uk/,example@domain.com,0230-5
jeanologia textil sac,https://www.jeanologia.com/tr/,E-posta bulunamadı,2024-01-05
Smiles Inc,http://www.smilesinc.bm/,smiles@smilesinc.bm,20898990
Davis Vandenbossche Inc,https://dvainsurance.com/location/new-baltimore/,E-posta bulunamadı,514015332702364
Artemis Cycles,https://artemiscyclery.com/,user@domain.com.,206.265625
Bridgewater For Senate,https://www.bridgewater.com/people/bridgewaters-new-leadership,E-posta bulunamadı,326891
Lite 92.7,https://lite92.ca/,E-posta bulunamadı,202410240101
BROADOAK TREE CARE LIMITED,https://www.broadoaktreecare.com/,broadoaktreecare@msn.com,316-93
"Scholastic Sportsmanship Foundation ""Champions by Choice""",https://www.ncsasports.org/womens-tennis-recruiting/south-carolina/monetta/homeschool/annika-wagner1,NCSAweb@ncsasports.org,811329
Alkos GmbH,https://www.dnb.com/business-directory/company-profiles.alkos_gmbh.ce64dee50acc923e8e90122054838dfa.html,E-posta bulunamadı,90122054838
英达科技有限公司,http://www.freetech.com.hk/,E-posta bulunamadı,101010
Mar Vista Institute Of Health,https://www.marvistahcwc.com/,E-posta bulunamadı,Telefon numarası bulunamadı
Wichita Ice Center,https://www.wichitaicecenter.com/,core-js-bundle@3.2.1,42935
SIXPENNY LIMITED,https://sixpenny.com/?srsltid=AfmBOopwn5W5b88gxr0PEtRzNDxoZ7y_TFO2xB3XU1417gSniAI9iRkb,hello@sixpenny.com.,20838320
CWG SAC - CIVIL WORKS & GENERAL SERVICES,https://www.indiafilings.com/learn/gst-rate-construction-services/,E-posta bulunamadı,2017-06-30
Magnolia Bend FIRE Dept,https://www.magnoliafire.org/,mfd@magnoliafire.org,600 32
XILEO transactionsSystems,Site bulunamadı,Site bulunamadı,Site bulunamadı
Musikverein Christazhofen E.V.,https://www.mv-christazhofen.de/,E-posta bulunamadı,10000
Y Farms,https://y-farms.com/,E-posta bulunamadı,101010
