sirket_adi,website
My Thai,https://mythai.com/
The Dubai Consulting Group - DCG,https://www.thedcggroup.com/
Büroservice Angela Otto,https://www.bueroservice-otto.de/
Abc Logistics Skills Limited,https://www.abclojistik.com/
South Side Sales & Service,https://www.southsidesales.com/
LevenHigh slne,https://www.iberinform.es/empresa/4109012/leven-high
Premium Insurance Agency Inc,https://www.premier-coverage.com/
A2b Roughcast,https://a2b-online.com/
Architectural Symbols & Signs Ltd,https://customsignsboston.com/
VKS HomeService GbR,http://www.vks-homeservice.de/impressum.html
Bella Casa Landscaping LLC,https://www.labellacasalandscaping.com/
Casa Pequena Apartments,https://pequena-casa-apart.hotel-of-istanbul.com/en/
Daniel Jacobson,https://www.colorado.edu/philosophy/people/faculty/daniel-jacobson
Casavecchia Marmi srl,https://casavecchiamarmi.it/
FASTRACK UK LTD,https://fastracksiteinvestigations.co.uk/
ITMoves,https://www.itmoves.com/
ACCURATE RADON CONTROL,https://accurateradoncontrol.com/
Bearings and Power Transm,https://www.bearingsandpowertransmission.com/
Warren HR Consulting,https://warrenaverett.com/services/hr-solutions/hr-consulting/
Roberts Road Elementary School,https://www.wallerisd.net/rre
26 Smithfield Ltd,https://smithfieldmarket.com/
Seair Haj Services - India,http://www.seairhaji.com/
Acadia Hearing Center,https://acadiahearing.me/
Hayden Lawn Care,https://lakeviewlawncarelandscape.com/areas-of-service/hayden-lawn-care/
friendly acres seed farm,https://www.friendlyacresfarm.com/latest-news
Lane Four Swim Shop,https://www.lane4.com/
Unique Quality Home Health,https://uniquequalitycare.co.uk/
Morca Contracting Inc,https://www.morcaconstruction.com/
West Tallahatchie Ics,https://www.wtsdschools.org/
Soldaduras Avanzadas,https://www.welding.com.ar/
PISCES TRAINING UK LIMITED,https://videotilehost.com/pisces/busLogin.php
Animed Veterinary Group,https://animedvets.co.uk/
Goliath Reservation Systems,https://indiaoutbound.info/tag/goliath-reservation-systems/
"Air Ways & Home TV Service, Inc.",https://www.yelp.com/biz/air-ways-and-home-tv-service-inc-salt-lake-city
Off Fifth Saks,https://www.saksoff5th.com/
Long Jetty Laundrette,https://www.longjettylaundrette.com.au/
GVT Academy,https://gvtacademy.com/
Spencer George,https://www.georgespencer.com/
Flamingo Cafe,https://www.flamingocafes.com/
Country Club Of Beloit,https://www.beloitclub.com/
Kosmetikinstitut Alice Inh. Alice Kotzot,https://www.kosmetikalice.de/
Sfri LLC,https://www.sfri.fr/
amit salaria,https://scholar.google.com/citations?user=JjAqwK0AAAAJ&hl=en
VIVEKTARU,https://www.vivektaru.com/
Park Wood,https://www.parkwoodguitars.com/
Smythe Masterson & Judd,https://casetext.com/case/mestel-inc-v-smythe-masterson-judd
Brick Propane Inc,https://www.bloomberg.com/profile/company/0403626D:US
Bor Productions,https://www.borproductions.com/
Scrap Addicts Corner,https://www.scrapaddictsonline.ca/collections/all/products/creative-corners
STAN GASKIN LIMITED,https://register.fca.org.uk/s/firm?id=001b000000MfHlCAAV
Sira Motors,https://siramotoparts.com/
National Organization of Iraqi Christians (NOOIC),http://nooic.org/
Forefront Commercial Industrial,https://fcicommercial.com.au/contact/
Equick Xpress,http://www.equick.cn/
Bollywood Dance School,https://bollywooddanceschool.co.uk/
Hegg Landscape Inc,https://www.brodiehegg.com/
Glass Aggregates,https://www.glassagg.com/
Five Valleys Canine Hydrotherapy Centre,https://www.fvchc.co.uk/
Rising Son Locksmith,https://www.risingsonlocksmith.com/
Mountain Shadows Landscaping,https://mountainshadowsnj.com/landscaping
Zahnarztpraxis Dr. Christina Flink,https://www.zahnarztpraxis-flink.de/
Maurizio Amadio ART of HAIR,https://www.zoominfo.com/c/maurizio-amadio/458890454
EPUNKT. Licht Aus Staufen,https://www.epunkt.de/home/
DOVE VALLEY MEDICAL LTD,https://suite.endole.co.uk/insight/company/07216422-dove-valley-medical-ltd
Brillen Meier GmbH,https://www.brillenmeier.de/
Hosba Valley Resort Sdn. Bhd.,https://kedahtourism.gov.my/place/hosba-valley-resort-sdn-bhd/
Weihnachtsmarkt.Kempten,https://www.kempten.de/weihnachtsmarkt-kempten-3690.html
Ingenieurbüro Für Freiraumplanung,https://www.buero-freiraum.de/
FALWALA CATERING SERVICES - India,https://www.wedmegood.com/profile/Falwala-Caterers-445737
Daniel Apts,https://www.danielapartments.com/
For Keep Sake Home Healthcare,https://www.forkeepsakecare.com/blog.html
Warren Gibson Psychology,https://www.theasdclinic.com.au/team-list/warren-gibson
Ness Enterprises INC,https://www.ness.com/
National Pig Farm,https://nationalpigassociation.co.uk/
Taree Self Storage,https://www.macsselfstorage.com.au/
23 Fuel Stop,https://juststopoil.org/
Mantra Medical Inc,https://mantrahealth.com/
CIANCIANAINI IMBALLAGGI,https://www.creditsafe.com/business-index/en-gb/company/ciancianaini-imballaggi-srl-it02981630
Martinazellmer.guide,https://www.dresdenguides.de/en/guides/find-guides/
ABSTRAKT GRAPHICS,https://weareabstrakt.com/
Loan Hunters,https://www.hunterloans.com.au/
Topaz Teguh Sdn. Bhd,https://www.bloomberg.com/profile/company/3577284Z:MK
苏州眼耳鼻喉科医院,https://www.szeent.com.cn/
Emily Borland Specifications,http://www.emilyborland.com/
Fountain City Focus,https://www.knoxfocus.com/
Trevarno Marquee,https://trevarnoeventhire.co.uk/
MPI Poland Club,https://www.mpi.org/chapters/poland
Grit Industries Inc.,https://www.gritindustries.in/
SALTO Modevertrieb,https://www.salto-mode.de/
BODY SNATCHER VIRAL MARKETING LIMITED,https://skims.com/collections/shapewear-bodysuits
BLUEFISH 444 EUROPE LIMITED,https://www.bluefish444.com/
STIRAH ENGINEERING LIMITED,https://sthiratech.in/
Weld UK,https://weld-int.com/
Elkhead Ranch,https://www.elkheadcreekranch.com/
LOCA MOTORLU PERGOLA SİSTEMLERİ A.Ş.,https://www.kariyer.net/firma-profil/loca-motorlu-pergola-sistemleri-a-s-3407-38124
Wheeloblast,https://www.justdial.com/jdmart/Jodhpur/Wheeloblast/0291PX291-X291-200310190732-S4F7_BZDET/catalogue
Snap TV,https://www.snap.tv/
Armadillo Bay,https://armadillo-co.com/us
Glacier Quilts,https://www.glacierquilts.com/
Great Western Earthworks,https://www.westernearthworks.com/
Clontz Travel Svc,http://www.clontztravelservice.com/
Angath Exterior & Interior - India,https://www.angathprefab.com/
Global Beauty Corp,https://www.globalbty.com/
Forrester Chartered Accountants,https://www.forrester-boyd.co.uk/
Koncrete Construction,https://www.koncreteconstruction.com/
Kreuztaler Treuhand GmbH,https://www.kreuztaler-treuhand.de/
Ube Chemical Europe,https://ube.es/
Architekturbüro Maren Reer,https://www.architektur-reer.de/
سوغات الماس کرمان,https://www.flytoday.ir/blog/kerman-souvenir/
RIGHT CAREER RECRUITMENT LIMITED,https://rightcareer.pl/en/
Optinvent,http://www.optinvent.com/
DKM Services,https://www.dkm.as/
Ne Family Care Center,https://www.familycarecounseling.net/
Alterations By Debbie,https://www.alterationsbydebbie.com/contact-us
Municipal Leasing Consultant,https://powerofleasing.com/
SaturnOptical.com,https://saturnoptical.com/
No Hassle Auto,https://no-hassle-auto.ueniweb.com/
Andrew Whalley,https://www.andywhalley.com/
Lifeline Adoption Svc,https://lifelinechild.org/
MilestoneResearch,https://milestoneresearch.ca/
Zips Florist Inc,https://www.yelp.com/biz/zips-flowers-by-the-gates-decatur
ARKAUPS Güç Kaynakları,https://www.tescom-ups.com/tr
CFIC Mortgage,https://www.dnb.com/business-directory/company-profiles.cfic_home_mortgage.2cfa81a083bd3384c32b92c79a32e62e.html
Jo Eric Publications,https://scholar.google.co.uk/citations?user=wRvV_UMAAAAJ&hl=en
Pelican Cycles,https://www.pelicancycles.com/en
Hale.io,https://hole-io.com/
Senior Fest,https://www.lakejackson-tx.gov/816/Senior-Fest
Brochu Real Estate,https://www.brochurealestate.com/
FINELINE PROJECTS LIMITED,https://finelineprojects.com.au/
Espaço Solução Arquitetura Promocional,https://rocketreach.co/espaco-solucao-arquitetura-promocional-management_b7d1e56bc0e4b8d3
Nordinkraft,https://nordinkraft.de/
Wäscherei Max Stich GmbH,https://www.waescherei-stich.de/
GALLEGO VILAR S.A.,https://www.alcircle.com/directory/downstream-products/detail/9397/gallego-vilar-s-a?srsltid=AfmBOorZpUa5EABaet0i36eqlz01cyfTjtfO_6niCCSlJk4CKzGOyZic
TWENTY 5 DESIGN & BUILD LIMITED,https://www.twenty5.com/implementation
Turbo Evolution,https://www.evolutionaircraft.com/
Gold Coast Physio & Sports Health,https://www.mygcphysio.com.au/
Global constantK enterprise,https://help.ivanti.com/ht/help/en_US/ISM/2022/admin/Content/Configure/Constants/Defining_Global_Constant.htm
KEN RODNEY CONSTRUCTION LTD,https://www.kenrodney.co.uk/
Lea Croft Residential,https://www.brunelcare.org.uk/locations/lea-croft/
Horwitz Law Firm,https://www.horwitzlaw.com/
acento,https://acento.com/
On Demand Book Print (ondemandbookprint.com),https://printondemand-worldwide.com/
Parkhousehotel,https://parkhousehotels.com/
Smat Express Limited,https://smart-express.com/en/
Günther Mersmeyer GmbH,https://mersmeyer.com/
dypsa,http://dypsagroup.com/en/home/
Ralston Chiropractic,https://www.ralstonchiro.com/
Hughes Publishing Service,https://hughespublishing.com/
Mini b srl,https://www.minib.eu/
Ksar Rouge,https://www.ksar-rouge.tn/
I Point,https://ipoint.ae/?srsltid=AfmBOopxIYr28k5OWkemKwYfZCsSAlqdcUrYaS3d94178e_zvphn7L1D
Nta Contracting Inc,https://ntacontracting.com/
SKY BIZZ,https://skybizz.ae/
ALPHA 1 BUILDERS LIMITED,https://www.alpha1builders.co.nz/
Sheridan Engineering,https://sheridanengineering.com/
The Real Diehl PR & Marketing,http://briandiehl.com/
Colin Cares,https://www.collincares.net/
Raul And Toni Vazquez Foundation Org,https://www.guidestar.org/profile/26-1549241
BALLYROLLY CONSTRUCTION LIMITED,https://www.companiesintheuk.co.uk/ltd/ballyrolly-construction
Mark Plasha,https://www.distrobird.com/companies/mark-plasha
Futura Energiespar Bodenplatte,https://www.futura-energiesparen.de/
Civette,https://alacivette.com/
Happy Sport,https://www.chopard.com/en-my/watches-happy-sport
CROESUS CONSULTING LIMITED,https://www.croesus.com/
The Vanguard School,https://thevanguardschool.com/
"Yudao International Trade Co.,Ltd.",http://www.youdaochina.com/EN/index.asp
Taj Nursery - India,https://tajnursery.in/
Engineering Lead,https://leaddev.com/
Carissa Wong Photography,http://carissamwong.blogspot.com/
GHANA MINING LTD,https://www.mincom.gov.gh/operating-mines/
NEASDEN ELECTRONICS LIMITED,https://neasdenelectronics.co.uk/
North West Thames Foundation School,https://lonkssfoundation.hee.nhs.uk/nwlfs
The Cph,https://www.cph.dk/en
SK Tutorials - India,https://www.sktutorial.org/about-us
Barak Kraus Realty,https://contactout.com/barak-kraus-19403
Salon Kay,https://www.salonkay.com/
FriBit,https://www.fitbit.com/login
Voce Enterprises Ltd.,https://www.voce-ent.com/
Haynes Landscape Contractors,https://hayneslandscape.com/
Martins Groovestation Bassunterricht,https://www.groovestation.net/
Jeff Kantra Inc,https://www.apollo.io/companies/Jeff-Kantra-Inc/54a1293069702d8cfc39ac01
Prosur,https://prosur.org/en/
NFAN LIMITED,https://www.farmattractions.net/
BlueTier Developments,https://bluetie.com/products/business/web-domains/website-development/
THE NAUTICAL DOG LLC,https://nauticaldogwilliamsburg.com/
Andrusko Group,https://andruskogroup.com/
Ramons Fine Furniture,https://ramonvaldezfinefurniture.com/ramons-shop/
Turbo Signs,https://turbosigns.com.au/
Giner-Selección de Personal,https://ginerabogados.es/politica-privacidad/
Musky Marketing Inc,https://www.dnb.com/business-directory/company-profiles.musky_marketing_inc.3c0ea0ba7d53af9efbad8b53b68e1ade.html
dr.cengiz ersezen,http://ersezenestetik.com/
A1 MARTIN WILLIAMS LIMITED,https://martinwilliamshull.co.uk/
Scott Hearing Aid Inc,https://www.scottwilsonhearingaids.com/
Phones 4 U,https://phone4u.co.uk/?srsltid=AfmBOorNgmMIbWE8V0IB-rAjZHrkHCi2TYModkheRXtNYbuc4ZupAUpP
Barron Arts Center,https://www.twp.woodbridge.nj.us/150/Barron-Arts-Center
MCSA Courses,https://www.nwkings.com/courses/mcsa-training
KL AeroParts,https://kilpart.com/
Praxis Für Bodywork,https://www.bodywork-badbuchau.de/
Body Pleasure Piercing,https://www.bodypleasurepiercing.com/
Schaefer Technologies,https://schaefer-technologies.net/
PLK Consulting Group LLC,https://www.signalhire.com/companies/plk-consulting-group-llc
深圳市源磊科技有限公司,http://www.runlite.cn/
Plymouth Canton High School,https://www.pccsk12.com/our-schools/high-schools/plymouth-canton-educational-park-canton-plymouth-salem-high-schools
Tania Clark Salon,https://www.yelp.com/biz/tania-clark-salon-laguna-beach
Firefly Antiques,https://fireflyfleamarket.com/
Agua Clara Properties,https://www.aguaclaraproperties.com/
Easy Sell Kia Motors Malta,https://www.kia.com/mt/
Arum Lily Florist,https://www.arumlily.ca/?srsltid=AfmBOopcDcsCHRC5ojSLnZG6pv_4ZvSXMZi7KmghU0ZsiwBHOUszzVLF
Agencia Loggo Publicidad S.A,https://brandmedia.es/
Mid South Cardiology,https://www.healthgrades.com/group-directory/tn-tennessee/memphis/mid-south-cardiovascular-u32mlmp
Gasthof Und Pension Zum Alten Hof,https://www.alterhof-hotel.de/
Personally For You Invitations,http://www.personallyinvited.com.au/
CACHINNARE LIMITED,https://www.merriam-webster.com/dictionary/cachinnate
Randolph Studio Inc,https://www.randolphusa.com/?srsltid=AfmBOoraimKhQMQP8_I6sDmK4V2-WaiY-vNn46xM1KwaiPgU-qfchstC
Carol Dean Tull,https://www.concordia.ca/cunews/offices/advancement/2023/09/01/Concordia-Stingers-past-and-present-reunite-for-Homecoming-2023.html
Landhaushotel Hof Wasserkuppe,https://hof-wasserkuppe.de/
SAVONOR,https://www.savonor.com/
Aliamanu Elementary School,https://aliamanu.k12.hi.us/
Antique Mall Of Mauston,https://www.yelp.com/search?cflt=antiques&find_loc=Mauston%2C+WI+53948
Hornig,https://www.motorcycleparts-hornig.com/
Avens AG,https://www.avensair.com/
myplacestyle.com,https://clodura.ai/directory/company/myplacestylecom
Magtrans Inc,https://www.magtrans.eu/en
Murph Insurance,https://www.dfmurphy.com/
Uitgeverij Hoogland & Van Klaveren,http://www.hooglandvanklaveren.nl/
Ciranni Tamburri Christensen,http://www.stevebrophy.com/testimonials
Empire Credit Hire Ltd,https://www.empirehiregroup.co.uk/open-account
Swift Holdings Inc,https://www.swiftholdings.com/
Oak Lounge,https://theoaklounge.com/
Kerman Covenant Church,https://lavinacc.com/en/la-vina-covenant-church/
Electrol Corp,https://www.electroluxgroup.com/en/
WE Are Seventeen,https://www.weareseventeen.com/
Splendour Lifestyle,https://www.splendour.co.in/
Grace Havenwaller Learning Ctr,https://www.nargiscafe.mybrooklyn.com/gracehavenwallerlearningcenter?_language=en
Valley Building Services Ltd,https://valleybuildingservicesltd.co.uk/
LA Voz De Houston,https://www.houstonchronicle.com/la-voz/
Burke Distributors Inc,https://burkedist.com/
SeoJeon Valmac,http://valmac.co.kr/
"Chongqing Das Motor Machinery Co., Ltd.",https://www.cncbl.com/com/dasmotor/introduce/
School Paper Ltd,https://publicschoolpaper.com/
World of Music,https://www.worldofmusic.com.au/?srsltid=AfmBOoplBkEieqdrkJcTaV-TlCVEe43lg6ksG4RTSZOH6uSNqr1M6YKV
Parker Property Improvements,https://www.parkerpropertyservices.net/home-improvements
Colégio Salesiano Dom Bosco Assunção,https://www.domboscopira.com.br/
Carpego GmbH,https://www.carpego.de/
Gemeinde Langerwehe,https://www.langerwehe.de/
Kiln Services Australia Pty Ltd.,https://www.kilnservices.com/
Nikshepa Technologies,https://www.zaubacorp.com/company/NIKSHEPA-MACHINING-TECHNOLOGIES-PRIVATE-LIMITED/U28999KA2008PTC046025
ACCORD Global,https://internationalaccord.org/
Fresh Spring Baptist Church,https://www.springbaptist.org/
CARO LINES GmbH,https://www.carolines.world/
PKG PLANNING CONSULTANTS LIMITED,https://pkgservicesllc.com/consulting-services
Kogarah Historical Society,https://kogarah.historicalsociety.com.au/
Dr Bill Davison,https://drdavisinfinitehealth.com/
Nutrición Animal,https://nutricionanimal.com.mx/?srsltid=AfmBOootkPyLJ2NL3X-_9BSVEdIDr1SdX19OS7dpl5UhVEFSw8A46RTU
Ngb Enterprises LLC,https://www.ngb.co.jp/en/
Awakening Wholeness,https://awakeningwholeness.org/
Lillebælt Bådservice,http://lillebaeltbaadservice.dk/
Great Lakes Collection Agncs,https://www.greatlakescollection.com/?srsltid=AfmBOooNL2-rL7jCylXpRoBCE9Bnuv4JH__dzEJJuSS08o_-L8Q0dyX8
Orr Theatre Dance Centre & Agency Bolton,https://www.mylifeinbolton.org.uk/ProviderDetails.aspx?ProviderID=434104
Union Aromatics - India,https://www.unionaromatics.com/
Sonnys Rv Inc,https://www.sonnysrvs.com/
ORANGE CLOTHING COMPANY LIMITED,https://www.orangeclothing.com.au/
Nexus Newspaper,https://www.nexusnewspaper.com/newsite/
"COMHEGA, S.A",https://www.hepsiburada.com/hega-cat-cam-pelet-kedi-kumu-10-lt-pm-HBC00006N4IRX
深圳市考拉超课科技有限公司,https://baike.baidu.com/item/%E6%B7%B1%E5%9C%B3%E5%B8%82%E8%80%83%E6%8B%89%E8%B6%85%E8%AF%BE%E7%A7%91%E6%8A%80%E6%9C%89%E9%99%90%E5%85%AC%E5%8F%B8/18712270
"Arkins Construction, Inc.",https://www.bostondesignguide.com/directory/custom-builders/arkins-construction
Peico Inc,https://pieco.com/
Production II,https://twoyapim.com/
Paper Bags Wala - India,https://www.paperbagwala.com/
Seacliff On The Bluff,https://www.seacliffmotel.com/
Seniorenresidenz Amandus GmbH,https://www.compassio.de/standort/seniorenresidenz-amandus/
Hush Creative Limited,https://www.heyhush.com/
Alexandra Peacock Communications,https://twitter.com/alexypeacock
iLogic UK,https://forums.autodesk.com/t5/inventor-forum/ilogic-code-for-opening-a-web-page/td-p/3422965
North Georgia Cabin Rentals,https://www.escapetoblueridge.com/
THE HOTEL BOUTIQUE LTD,https://www.boutiquehotelstresa.com/
Courtesy House Restaurant,https://ambassadorsclubhouse.com/
Wong and Bernstein Advisory Group,https://www.wbadvisoryasia.com/
Eskdale Junior School,https://www.eskdale.notts.sch.uk/
"shenzhen inte Technology Co.,LTD",https://www.inte-auto.com/
Amish Country Inn,https://amishcountryoakridgeinn.com/
"JoAnn Laird Group, Inc",http://joannlaird.com/
Profectus LLC,https://www.profectusllc.com/
Aachener Rathaus,https://rathaus-aachen.de/en/
Andreas Trösch,http://www.andreas-troesch.de/seiten/home.html
MZ Software Solutions (Pvt) Ltd.,https://mzenggintl.com/
Kiwi Honey Limited,https://kiwicoasthoney.co.nz/
DIGIMEDIA SOLUTIONS LIMITED,https://digimediasolutions.in/
PRECURSOR CONSULTING LIMITED,https://precursor.com/
Commercial Drywall Acoustical,https://www.armstrongceilings.com/commercial/en/articles/acoustic-drywall.html
K and G Trucking,https://safer.fmcsa.dot.gov/query.asp?searchtype=ANY&query_type=queryCarrierSnapshot&query_param=USDOT&query_string=3640701
JOHN CAMPING BUILDING (JCB) LIMITED,http://companycheck.co.uk/company/06228859/JOHN-CAMPING-BUILDING-JCB-LIMITED
P2P Overseas Consultants Pvt. Ltd,https://p2poverseas.com/
Concorde Mortgage Co,https://concorde-mortgage.com/
Point the Way,https://pointthewayfoundation.org/
charles rowley & co ltd,https://charlesrowley.uk/
Dithmarscher Heizungstechnik GmbH,https://www.dithmarscher-heizungstechnik.de/
Allseasonjewelry,https://allseasonjewelry.com/
A Place To Shoot,https://www.aplacetoshoot.com/
POSITIVE PUB SOLUTIONS LTD,http://pubsolutionsltd.co.uk/about.php
Ev. Luther Abraham Gemeinde,https://abraham-gemeinde.de/
Davethefan,https://www.thefan.uk/
Express Capital Partners,https://expresscapital.com/
Bullock Creek Schools,https://www.bcreek.k12.mi.us/
TecnoService S.a.s.,https://tecnoservicesas.com/it/
Tasty Delight Inc,https://www.tastidlite.com/
Gewichtscoach Ingrid,https://www.ingridvanlieshout.nl/
WALBROOK PM SERVICES LIMITED,https://www.walbrookpr.com/investors/events
Pahwa Creations - India,https://www.indiamart.com/pahwacreation/profile.html
Gaylor Trucking,https://www.gaylorwastecompany.com.au/
Nickel Engineering,https://nickelinstitute.org/en/nickel-applications/nickel-in-process-engineering/
Lynn Johnson Productions. Inc.,https://www.lynnjohnsonphoto.com/
PRIVATE PARAMEDIC SERVICES LIMITED,https://privateparamedicservices.co.uk/
Extatisch,https://dictionary.cambridge.org/dictionary/dutch-english/extatisch
Susquehanna Baptist Assn,https://www.susquebapt.com/
MEIKO AMERICA INC,https://www.meikoamerica.com/
ComNet Electrical,https://www.comnetelec.com.au/
Camelot Christian Academy,https://camelotca.com/
City Mortgage Bankers Corp,https://www.city.bank/mortgage/overview
Inline Masonry,https://developer.mozilla.org/en-US/docs/Web/CSS/CSS_grid_layout/Masonry_layout
Next Fragrances,https://nextfragrance.com/?srsltid=AfmBOorfrmm-W0fcC-nXCQrJFPNG4BfLfsDL9erP3DKdWCCaC2Lc44Fc
Intering GmbH,https://www.intering.de/
Dennis Gleich,https://www.umsatzpilot.de/
Sindicate Entertainment s.r.o.,https://www.sindicate.cz/
WESTGATE CONTINUITY MANAGEMENT LTD,https://youcontrol.com.ua/en/catalog/gb-card/05733884/
Frau Regine Danner-Jobst,https://www.zoominfo.com/c/arzt-regine-danner-jobst/429662224
PROYECTOS VYV,https://vyv.pe/proyectos-en-venta/
Unique Transportation Inc,https://uniquetransportinc.com/
Brazil Radar International Consulting,https://radarasset.com/
BoatyardInn,https://www.boatyardinn.com/
Ingle Industries Inc,https://hii.com/
Snows Garage,https://www.snows.co.uk/
Aladdins Rug Cleaning,https://www.rugcleaning.com.au/
"Gill Ranch Storage, LLC",https://gillranchstorage.com/
Marcus Niessner,https://www.mniessner.de/
Petroz N.L.,https://www.intelligentinvestor.com.au/shares/asx-ptz/petroz-nl
iMarketing Consultancy,https://www.imarketing.com.na/
Claerhout Aluminium n.v.,https://www.claerhoutaluminium.com/en
Fitmaxx GmbH,https://m.yelp.com/biz/fitmaxx-friedberg-2/
Coes Fx,https://www.globalfxc.org/fx-global-code/
PIRANHA SPORTS LIMITED,https://piranhasports.co.uk/
Properties In Mysore,https://www.magicbricks.com/property-for-sale-rent-in-Mysore/residential-real-estate-Mysore
Republic Executive Suites of America,https://sunrwd.msbce.com/resuites?msclient=REPES
Pennsville Towers,https://www.liveatpennsvilletowers.com/
ANDY SCOBLE CONSULTING LIMITED,http://andyscoble.com/
Sawyer Drywall,https://www.yelp.com/biz/ed-sawyer-drywall-schuyler
Joyarchitectural,http://www.joyarchitecture.com/
ADAV Rental AB,https://www.mobilupkiralama.com/
Transports SDTL,https://www.la-sphere.com/
West to East Realty Services,http://www.westtoeastrealty.com/
陕西凌云电器集团有限公司,https://www.sxdzjt.com/show-37-1-1.html
Extend-IS,https://www.extend.com/platform
Cannabis Nano Bubble Co.,https://www.moleaer.com/
Niedenzu Online,https://www.niedenzu.de/
Katy Music Studio,https://katymusicstudio.com/
"НИС - телеканал ""Интер""",https://telepedia.fandom.com/ru/wiki/%D0%98%D0%BD%D1%82%D0%B5%D1%80
Gerlinde Hill Gerüstbau,https://www.bundesanzeiger.de/pub/publication/Jc4OByAlfaeu5bcLKCs
DGA Corp,https://www.rolanddga.com/
Arnold Swimming Club,https://www.arnoldswimmingclub.org.uk/
Premier Ink,https://www.premier-ink.co.uk/
United Steel Drafting,http://unitedsteeldrafting.com/
Southern Home & Spa,http://www.southernhomespas.com/
Center Point Networks,http://centerpointnetworks.net/
GOJO Industries - Europe,https://www.gojo.com/en-EU/home
Perth Lebanese Bakery,https://www.yelp.com/biz/perth-lebanese-bakery-welshpool
Tabbystone,https://www.tabbystone.com/
J Mart Furniture,https://www.jmart.co.uk/collections/homewares-furniture
Slipstream Music,https://www.slipstreammusic.com/
Atlanta North,https://www.atlantanorthschool.com/
P K Pest Control,https://pkpest.com/
Paul Schmidt Schule,https://www.paul-schmidt-schule.de/
Bambootrick Inc.,https://www.discogs.com/artist/7467986-Bambootrick
Lordsburg School District,https://www.lmsed.org/
Bdi Works,https://bdiworks.com/
KOKA VIETNAM,https://kokanoodles.com/
"WORLD FEDERATION FOR ULTRASOUND IN MEDICINE AND BIOLOGY, IN",https://wfumb.org/
The Itchy Feet Pep Band,https://www.itchyfeet.com.au/
Veneta Day Care Center,https://www.kindercare.com/our-centers/veneta/or
Green Country Gastroenterology,https://www.yelp.com/biz/green-country-gastroenterology-tulsa
POLSKIE MEBLE W UK,https://www.furnipol.co.uk/?srsltid=AfmBOorJtKmjCdJBM2lH0omnOFgs8vdnT5EXm08sVqXo-T1St0YBSWH0
Hoopgurlz.com,http://www.espn.com/high-school/girls-basketball/recruiting/rankings/_/class/2024
Lighttec - India,https://www.indialighttec.com/
Delaware Valley Opera Corp,https://www.dvopera.org/
eNeuron Networks,https://playground.tensorflow.org/
Methuen Transmission Co,https://www.yelp.com/biz/methuen-transmission-methuen
"Pacific Realty Partners, Inc.",https://www.pacificrealty.com/
Camden Lock Place,https://www.camdenmarket.com/
Steprath,http://www.haussteprath.de/en/
نت نوشت,https://netnevesht.com/
All American Nails,https://www.americanails.com/
Pop Wash Inc,https://www.popwash.in/?srsltid=AfmBOory-fXChtoWWVlXbw2OdwFEsPCNA5FiejKe6xgZDv1E0ujSsqCu
Low Country Tree Service,http://www.lowcountrytree.com/
"High Peak Broadcasting, LLC",https://www.highpeaktv.com/home
Plumbing Wallington,https://www.wallingtonplumbingsupply.com/?srsltid=AfmBOoq3czec3FIqKkA2CN8VArccNoIHXfDzt84cF4KyAI4l3zpO7xWi
MEZZANINE CREATIVE LTD,https://verycreative.com/see-work/
Webagentur Köln,https://webdesign.koeln/
Bradford Family Chiropractic,https://www.bradfordfamilychiropractic.com/
Opal Investment Limited,http://opalinvest.net/
TRUCCO AZAFATAS SL.,http://truccoazafatas.com/
kjell n nilsen,https://www.kjellnnilsen.no/
Best Dental,https://delmain.co/blog/best-dental-websites/
SINCO s.r.l. Engineering & Consulting,https://www.sinco-srl.it/
Pet Projects Unlimited,https://www.mapquest.com/us/alaska/pet-projects-unlimited-353497246
Jimco Exim & Trade Pvt. Ltd - India,https://www.indiamart.com/jimco-exim/profile.html?srsltid=AfmBOopligxHjol3leRAC5N9CBOJncPLJ_hM01ykoyPH1LGq4xoKIFTZ
Fahrschule Fleter,https://fahrschule-floeter.de/
FUTURAMA AGENCY,https://futurama.ci/?lang=en
RAYS INTERIORS,https://raysinteriors.in/
Broadwater Sports,https://broadwatersports.co.uk/
Tilt Amusement,https://tiltamusements.com/
HAMMERWOOD FALCONRY LLP,https://www.kompany.co.uk/p/uk/oc368145
Michael Metzner,https://www.drmichaelmetzner.com/
Glw Consulting LLC,https://glwconsulting.ca/
Dayton Fireplace Systems,https://www.daytonfireplace.com/
Ledgeview Lanes Inc,https://ledgeviewlanes.com/
Inland Empire Bank,https://www.ppbi.com/lp/inland-empire.html
Hobart Argentina S.A.,https://www.hobartcorp.com/contact-us
Swaroop Jewellers - India,http://swaroopjewellers.com/contact_us.php
New-Backup,https://www.webnode.com/support/create-website-backup/
Zimmerman Pfannebecker Nuffort,https://www.lancasterbar.org/S--R--Zimmerman-Zimmerman--Pfannebecker--Nuffort---Albert-10-7809.html
东莞市大忠电子有限公司,http://www.ett-cn.com/company/Company/Introduce.aspx?ID=451
Photographer Jaidermartina,https://www.jaidermartina.com/
All Construction Design,https://contractorgorilla.com/blog/construction-websites/
Mast Farms,https://mastmaze.com/
iLoveplum,https://www.iloveplum.com/
Island View II,https://www.vacasa.com/unit/19540
Reiseshop Löcknitz Inh. E. Frost,https://www.gelbeseiten.de/gsbiz/fe0da9a0-f891-4182-af55-2d753def97ef
Sequoia Healthcare,https://www.sequoiahc.com/
WesterNet,https://westernet.net/
Sand Pine Elementary,https://spes.pasco.k12.fl.us/
Duguid John & Sons Inc,https://www.researchgate.net/scientific-contributions/John-G-Duguid-2008425807
Www.acepublicities.com,https://www.aceads.com/
Green Acres Goose Control,https://greenacreshuntingclub.com/
The Sterling Data Group,https://www.thesterlinggroup.co.uk/about-us/data-protection/
Kasper Ranch Hand,https://kasparcompanies.com/ranchhand
Blue Wave Innovations,https://www.bluewaveinnovations.net/about-us
Roberts Garage,https://www.robertsgarages.com/
Town & Country Tree Surgeons,https://www.townandcountrynorthumberland.co.uk/
Findity AB,https://www.findity.com/
PAVITHAM EMBROIDERY - India,https://pavitham.com/
Fresh Beauty & Skincare Centre,https://www.fresh-beauty.co.uk/
STAGE ACTS PRODUCTIONS LTD,https://www.stage-productions.com/
Lacourse Builders LLC,https://www.dnb.com/business-directory/company-profiles.lacourse_builders_llc.50263ccb3319e80b65225dc0f8ad9bad.html
D & T Electrical Ltd,https://www.dtelectrical.co.nz/
Teapeadesign.com,https://teapea.co.nz/?srsltid=AfmBOorDtW6LyBrSvab7e2xaNukGrn5uQoQg0paU-YW7GIlomvbHtVrZ
Lexus Of Annapolis,https://www.sheehylexusofannapolis.com/
HELEN MUIR CONSULTING LIMITED,https://6sense.com/company/helen-muir-consulting-limited/.c22334bdf69e8
Onsite Waste Management,https://onsitewaste.com/
Tilney Investment Management,"https://www.evelyn.com/about-us/our-new-name/#:~:text=In%20summer%202022%20we%20merged,and%20renamed%20as%20Evelyn%20Partners."
Tam Phan,https://www.drtamphan.com/
Maassen van den Brink Adviseurs Beuningen,https://maassenvandenbrink.nl/beddenzaak-beuningen/
Materialise Software India.,https://www.materialise.com/en/about/locations/india
Sara Lee Socks,https://saralee.com.au/news/
CNC Milling of Plastics,https://www.cnc-step.com/machining-plastic/
Computer Training Room &amp,https://www.um.edu.mt/itservices/learningspaces/trainingrooms/
ADDLETHORPE MOTORS LTD,https://www.addlethorpegolfandcountryclub.co.uk/
SLK FURS Lazaros S. Kiorpelidis,"https://www.globalsuppliersonline.com/supplier/SLK-FURS--Lazaros-S.-Kiorpelidis?id=274886&txtsrch=clothes,%20garments,%20wear,%20apparels,%20Workwear,%20Jackets,%20Outerwear,%20Sportswear,%20Sweaters,%20Ladieswear,%20hoosies,%20pullover,%20cardigans&match=bbjHGFGDbkjHg"
SMI News Update,https://strategicmi.com/newsroom/
Era Professionals,https://era-professionals.com/
SEVERN HR LIMITED,https://www.severntrent.com/
Inkassobüro Berg,https://www.horacek-rechtsanwaelte.de/rechtsgebiete/inkasso/
Sheet Rockers,https://sheetrockers.net/
Chemical Analysis,https://www.agilent.com/
Midwest Bikini Team,https://www.flickr.com/photos/22667605@N08/albums/72157626375349861/
Alachua County Medical Society,https://www.acms.net/
Gerber Plumbing Co,https://www.gerber-us.com/
Rochal,https://www.rochalindustries.com/
Julie Barnes PHD,http://juliebarnes.com/
evros pools,http://evrospools.com/
Traffic Control Group.,https://tcgworld.com/
Handermander GmbH,https://www.steuer-handermander.de/
Howard Marketing Company,https://www.howardmarketinggroup.com/
Sprenger,https://pferdesport.sprenger.de/en
Junker Oliver,https://www.oliverjunker.de/
Sparger Technology,https://www.spargertechnology.com/
Neeshu Enterprises - India,https://www.nishuenterprise.com/
Hotel Posada Santa Fe,https://www.posadasantafe.mx/en/
Chisk Inc,https://www.chick.com/?srsltid=AfmBOopcoXGAY8dHZLF37Hh2eaKJ_gJPpw8jMGNPspxPmn8paIuhyIFV
COMERCIALIZADORA INTELIGENTE DEL HOGAR,https://www.veritradecorp.com/es/mexico/importaciones-y-exportaciones-comercializadora-inteligente-del-hogar-sa-de-cv/rfc-h130612mv5
Jnlv Consulting Co,https://www.dnb.com/business-directory/company-profiles.jnlv_consulting_co.89840f90d6810483d129b27881c74801.html
Apices Appraisal Group,https://6sense.com/company/apices-appraisal-group-llc/627b16587925586bf0476ebe
NO 1 BEAUTY LIMITED,https://no1beautystudio.co.uk/
AshokPhotoGrahy,https://www.ashokarsh.com/
Elektro Brohl,http://www.elektro-brohl.de/
Northeast Louisiana Soccer,https://www.nelsa.org/
Automated Controls Technology,https://actllc.com/
楷模家具有限公司,https://www.coomo99.com/
St Marys Preparatory School LIFE,https://www.stmarysprep.com/
Al's Art FX,https://flashart.com/
Volksbank EG Geschäftsstelle Höver,https://www.vb-eg.de/meine-bank/filialen-ansprechpartner/filialen/uebersicht-filialen.html
One Registry Services,https://www.oneregistryservices.com.au/
A2Z Health Pro,https://www.a2zhealth.com/
Janvier Associates Inc,https://janvier-labs.com/en/
Metamorfose real,https://metamorphose.gr.jp/en/metamornews/130888
CHESAPEAKE PLASTICS LIMITED,https://chesapeakeplastics.com/
Frome Memorial Theatre Trust,https://fromememorialtheatre.org.uk/
Accent op Yachting,https://yachtharbour.com/
SARPGN,https://sarpgn.fr/
WATTS Power Technologies - India,https://wattpower.in/
Orens Replay,https://www.yelp.com/biz/orens-replay-los-angeles
Sabrina Academy,https://sabrinaacademy.com/
Weborg Feeding Co,https://www.weborgfeeding.com/
Marius Kusch,https://www.mariuskusch.de/
Basingstoke and North Hampshire Foundation Trust,https://www.hampshirehospitals.nhs.uk/
Sicherheitstechnik Schwöbel GmbH,https://schwoebel-sicherheit.de/
LOL Life Coach,https://wecoach.gg/league-of-legends-coaching
Hidden Bluffs Farm,https://www.mapquest.com/us/iowa/hidden-bluffs-farm-441750691
TailTroopers,https://tailtroopers.co.uk/
Rego Park Day School,https://www.ps139q.com/
New Mexico Family Chiropractic,http://gonsteadnm.org/
CNS HOPE,https://positiveexperience.org/
Dan Rarey Real Estate,http://danrarey.com/
Leesburg Gallery,https://www.leesburgarts.com/
Allied Lighting Systems Inc,https://alliedlighting.net/
Kinetic Business Solutions (Pty) Ltd,https://kineticbusinesssolutions.com/
cleardesign.ca,http://www.cleardesigns.ca/
EVOLVE LEISURE LTD,https://www.leisuredb.com/evolve
Specialty Labs,https://usspecialtylabs.com/
Keller Williams Realty - Allstar1,https://www.kw.com/
LChaim BYeshua,https://lchaimbyeshua.com/
ORIGINAL SPORTS S.R.L.,https://original-sports.com/?srsltid=AfmBOoojFtOUJioEo2ES_mWWfJA_CSLYFIslSYHN2LhBNtKROkbe-ZCS
Screenwriting HQ,https://www.writerduet.com/
Frisches Geflügel Aus Mecklenburg,https://frischgefluegelmv.wixsite.com/gefluegel
PAXTON ANIMAL HOSPITAL,https://paxtonanimalhospital.com/
Japanese Auto Exchange,https://www.goo-net-exchange.com/
Distinctive Concepts,https://simplydistinctiveconcepts.com/
Axel Kneissl,https://kneissl.com/
Biz Daily Pte Ltd,https://www.mycareersfuture.gov.sg/companies/biz-daily-201000129C
The Virus Clinic,https://www.mayoclinic.org/diseases-conditions/coronavirus/symptoms-causes/syc-20479963
Dr. Joe,https://drjoedispenza.com/
Professional Value Videos,https://boldcontentvideo.com/2021/05/10/8-great-examples-of-company-values-videos/
Megaeins Verlags GmbH,"https://www.northdata.de/Megaeins+Verlags+GmbH,+M%C3%BCnchen/Amtsgericht+Charlottenburg+%28Berlin%29+HRB+87021+B"
Lins Catering Inc,https://www.linsgrocery.com/
Ankes Partyservice,https://www.ankes-partyservice.de/
Lutchansky Communications,https://www.certicom.com/content/certicom/en/about/news/release/2001/certicom-launches-trustpoint.html
Vijetha Competitions - India,https://vijetacompetitions.net/
Comic Parade,https://www.comic-con.org/
Hematology and Oncology,https://hemonc.org/wiki/Main_Page
Gipper Formal Wear,https://www.gipperprom.com/
FARMADE MANAGEMENT SYSTEMS LIMITED,https://www.farminguk.com/agricultural-directory/farmade-management-systems-ltd_3819.html
Lakamp Construction LLC,https://www.dnb.com/business-directory/company-profiles.lakamp_construction_incorporated.96a5673c717592dd7ad7627d40cac319.html
JAM ASSESSORIA EMPRESARIAL LICITAÇÕES,http://www.jamassessoria.com/
GARDEN LIVING ROOMS LTD,https://gardenlivingco.co.uk/
H.-I. Bickmann Rechtsanwalt,https://wagner-arbitration.com/wp-content/uploads/2023/08/CV-Philipp-Wagner.pdf
MORGAN REMOVALS LIMITED,https://morganremovals.com.au/
NORTH WALES EQUESTRIAN LIMITED,https://nwhorsetack.co.uk/
Harish Turakhia - India,https://www.zoominfo.com/c/india-press/1210899374
Arkanum Utveckling,https://www.arkanum.se/
R2PG,https://fs.r2games.com/
Cassey Landscapes,https://casseylandscapes.co.uk/
The Middleton Partnership,https://themiddletonpartnership.com/
Racine Motor Sports,https://racinespeedandpower.com/
Sunset Boats & Marine Services,https://sunsetboats.com/
Drain Medic,https://drainmedic.com/
Welcome Empoweredforbirth.com,https://empoweredwomanhood.co/birth-class
VividClouds,https://vividclouds.co.uk/
AST Management Services,https://www.astmanagement.com.au/services.html
TM Design Services,https://www.tmdesigningservices.com/
Bertz Pet Bakery,https://twitter.com/bertzpets
Roskilde Universitet,https://ruc.dk/en
Sarahs Country Kitchen,https://sarahscc.com/
SkyBlue Capital LLC,https://www.skybluecapital.com/
Brian Branch Price Photography,https://brianbranchprice.com/
Witten School of Management GmbH,https://www.uni-wh.de/en/
Bewegungs-Raum Bliese,https://www.bewegungs-raum-bliese.de/
Visionguard Monitoring Ltd,https://visionguard.ai/
Éseu | Portal de Entretenimento,https://www.ampliz.com/company/eseu/82864764
K&R Quality Construction LLC,https://kandrconstruction.net/
NJORD ENERGY LIMITED,http://www.njordenergy.no/
Psico-Oncocenter,https://oncocenter.mx/
HAHN & SCHMID Immobilienbetreuung GmbH,https://hv-schmid.de/
Wöhlk-Handelsvertretung,https://www.silber-rose.de/about/
Dennis Buys Cars,https://www.dennisbuyscars.com/
Sundance Rain Gutters In,https://www.yelp.com/biz/sundance-rain-gutters-houston-3
Webster Furniture Strippers,https://www.yelp.com/biz/webster-furniture-strippers-webster
Terry Frazier Appraisals,http://www.liinahayman.com/FAST_orderappraisal_9.html
Her Sports Magazine,https://www.hersport.ie/magazine/
UNIBOX DINARDELLI,https://www.uniboxdinardelli.com.br/
Jericho Beach Entertainment,https://jerichoartscentre.com/
Chiropractor Health Ctr,https://www.chcwhitinsville.com/
Prisma Digital Media,https://www.mediaocean.com/prisma-digital-integrations
Chan Family Choy Lee Fut,https://choyleefut.org/
G&M Car & Commercials,https://www.gm-motors.co.uk/
Meezan Stairworks,http://www.meezanstairworks.com/
Michaela Seifert,https://michaelaseifert.com/
Sri Mahavishnu Traders - India,https://www.srimahavishnucrackers.in/
ZHIWE ChemTech Co Ltd,http://www.zhiwe.net/
MB EQUESTRIAN LIMITED,https://www.mbfequestrian.com/en
Naturhof Friedrich Kölbel GbR,https://www.naturhof-vogtland.de/
Britoninspec,https://www.allegion.co.uk/content/dam/allegionuk/Our%20Markets/Data%20Sheets/Inspec_Manual_Spr%20Feb2015Reference.pdf
Itec Innovate,https://www.itecequipment.com/
Hellyer Productions,https://www.spencerhellyer.com/
SD MICROSYSTEMS LIMITED,https://www.cpcwiki.eu/index.php/SD_Microsystems
De Oro Home Loans,https://www.bdo.com.ph/personal/loans/home-loan
General Nurtrition Ctr,https://www.gnc.com/?srsltid=AfmBOop44dn6Te_yKor6kb7qKPDSSsxE58lxZE8S2d9ZL3rrmqpUhTv1
Susan Johann Photography,https://www.susanjohann.com/
Debbie Ingram,https://debbieingram.co.uk/
showcaseA,https://fireart.studio/blog/showcase-websites-examples/
Desert Mountain Consultants,https://www.providenthp.com/expertise/desert-mountain-consultants-in-anesthesia-p-c/
Idology Inc,https://www.idology.com/
Magnificence service,https://www.magnificentservices.com/
Stepping Stone Educational Ctr,https://steppingstonesschool.org/
Africa Project Inc,https://www.africaproject.org/
Coffee Holding Co Inc,https://coffeeholding.com/
LETTER Stiftung,https://www.letter-stiftung.de/
Alliance Mart,https://alliancemart.net/
鹏元,https://www.cspengyuan.com/
Bon Teriyaki,https://www.yelp.com/biz/bon-teriyaki-gresham
Eastern Network Realty,https://eastern-re.com/
Dionas Whelchel Construction Co. LLC,https://www.bloomberg.com/profile/company/3063064Z:US
Musicians Stop - India,https://www.justdial.com/Delhi/Musicians-Stop-Opposite-Kamal-Cinema-Safdarjung-Enclave/011PXX11-XX11-120911194640-X4F1_BZDET
Serene Acres Inc,https://in-tentscamping.com/sites
KOHYO,https://www.kohyoj.co.jp/en/
Ohio Mowing Co LLC,https://www.dnb.com/business-directory/company-profiles.ohio_mowing_company_llc.17c25e874e83a0c3562d4df50798ad66.html
PIMENTAL CONTRACTORS,https://pimentalcontractors.com/
"Aspire International, LLC",https://aspireinternational.global/
"Pacific Rim Connections, Inc.",http://www.pacrim50.com/
Express Sucre,https://www.sucreexpress.com/
WEB-CCI,https://www.cci.com.tr/
EFS MAINTENANCE,https://efsme.com/
CAYS,https://cays.org.ky/
Uniglobe Venture Travel,https://www.uniglobe.com/
Neckaralb Mobile,https://neckar-alb.alba.info/
Mid Island Eye Physicians,https://www.yelp.com/biz/mid-island-eye-physicians-and-surgeons-pc-bethpage
the product for checking fixture,http://www.aeroto.com.tr/eng/kontrol-fiksturleri.html
Garlic Festival Foods,https://www.garlicfestival.com/?srsltid=AfmBOooEU2zU6rYFYUylqs9urY-C7E-8cjvwvxfCtHU6AWHXoB9nEP9c
Deltron Conelec,https://comelec.gov.ph/?r=home
Fulmart Feeds,https://www.fulmart.co.uk/
Rustam Rug Gallery,http://www.rustamrug.com/
Pelican 4x4 Hire,https://www.pelican4x4hire.com.au/
Thai Cold Rolled Steel Sheet Public Company Limited,https://www.tcrss.com/
Vankel Technology Group,https://www.bloomberg.com/profile/company/20986Z:US
Neoklenz,https://www.neoklenz.com/?srsltid=AfmBOopDKEkv_caV4zx5BvJfSn_6m0Blu8UBdNdNEEufRpOtSPgORny_
Chic Nails Portugal,https://chicnails.online/collections/all?srsltid=AfmBOorohdpoH8onN7BfjiXBwORzYJx5N_LKbwqyYL5UgHQNFoMdHRh6
Atlantis Computer,https://www.atlantisbilgisayar.net/
Xclass Software GmbH,http://www.xclass.de/
TDI - Expedito,https://www.tdi-group.com/en/expedito-premium
Owen Pacific,https://www.owenpacific.com/
Pilates Lifestyle,https://www.thepilateslifestyle.co/
Holy Family Episcopal Church,https://www.holyfamilyfishers.org/
Centro de Psiquiatría Biológica,https://www.elsevier.es/es-revista-psiquiatria-biologica-46
Hill Tan,https://www.hilltanbeauty.com/
North Carolina Church-Christ,https://christnc.com/
Usclippers,https://www.nba.com/clippers
Margaret Buckley,http://research.ucc.ie/profiles/A012/margaretbuckley
Gain Electricity Ltd,https://energygain.co.uk/
GATES OF HEAVEN,https://www.heavensgate.com/
PT Securindo Packatama Indonesia,https://secureparking.co.id/
The Bookcase,https://www.thebookcase.co.uk/
A 1 Affordable Health Insur,https://www.healthcare.gov/
ANDY MACARTHUR LIMITED,https://andymacarthur.com/
"Alpasonne Enterprise Management Consulting Co., Ltd.",http://www.gzzhonghe168.com/
Buchhandlung J. Harder E.K.,https://www.buchhandlung-harder.de/
jiggly Investment Community,https://jiggle.app/
OpenDNA Inc.,https://open-dna.jp/
MENZER GmbH,https://www.menzer-tools.com/en/
St James Tavern,https://www.stjamestavernwinchester.co.uk/
South West Civil Engineering,https://www.swcivil.com.au/
Welfare Society for The Blind - India,https://www.blindwelfaresociety.in/
Sequencial Transportes,https://sequential.com/product/hardshell-case-prophet-6-ob-6-skb/
Hebammenpraxis BABYWERKSTATT Nieder,https://hebammen-niedersachsen.de/
ST KILDA PROPERTIES LIMITED,https://stkch.org.au/
Saldo Real Lda,https://www.zoominfo.com/c/saldo-real-lda/1261438606
Brooks Technical Group,https://brooksgroup.com/
PHD A&C / NOVARCHI,https://www.aaschool.ac.uk/academicprogrammes/postgraduate/phd-programme
BrasilGAP,https://hbsa.com.br/
Galaxy Signs Inc,https://galaxysigncompany.com/
Tom Mason Communications,https://tommason.net/contact
Calicut Bio Medicals - India,https://www.indiamart.com/calicutbiomedicals/about-us.html?srsltid=AfmBOoq8eRMyx7gfang-VgLLoXS16wIbYzuEk9jxAWdELukAgKcK_4pQ
Radiscar,https://www.radiscar.com/
Polar Bear Gas & Wash,https://www.polarbeargas.com/
North Valley Fellowship,https://nvbc.org/
Northshore Counseling,https://www.nscc-inc.com/
Jasmin Electric,https://www.jasmine.energy/
the 17th,https://camosun.libguides.com/Chicago-17thEd/websites
Mc HS,https://sites.google.com/masoncityschools.org/mchighschool/home
Paris Natural Gas,https://parisnaturalgas.com/
3PUNKTDESIGN,https://www.3punktdesign.de/
Liberty Freight,https://www.libertyfreightsolutions.com/
Freeway Media Ltd,https://www.freeway-entertainment.com/about-us
TATTON BUILD LTD,https://tattonbuild.co.uk/
Dent Removal,https://dent-remover.co.uk/
Comar Construction,https://comar-co.com/en/
El Paisa Tire Shop,https://m.yelp.com/biz/el-paisa-tires-chicago-2
TULIP TOURS,https://tuliptoursholland.com/
STOCKS GOLF CLUB LLP,https://stocksgolfclub.co.uk/
Custom Service Center LLC,https://www.custom.biz/
Astrophysik Kiel,https://www.astrophysik.uni-kiel.de/de
Sandmaier Hypno Coaching,https://tailormadewellness.janeapp.com/locations/tailor-made-wellness-clinic/book
Tubbys Pizza,http://www.tubbyspizza.com/
FIFA.cz,https://inside.fifa.com/about-fifa/associations/CZE
Bosham Walk,https://boshamwalk.co.uk/
Edinburgh Contemporary Crafts,https://craft-edinburgh.co.uk/
ABUNDANT LIFE,https://livingproof.co/
Snehal Engineers - India,https://pcsnehal.in/
SITACO.comapny,https://sitaco.com.sa/
Dial A Handyman Stoke,https://dialahandymanstoke.com/
NeoDCP,https://www.neodcp.com/neodcp-player/
WELLSWAY CONTRACT FLOORING LIMITED,https://www.pitchero.com/clubs/oldfieldoldboys/news/wellsway-contract-flooring-ltd-2317527.html
PFLEGEDIENST HAUSPURG GbR,https://www.hauspurg-pflegedienst.de/
Tim Marrow,https://timothymorrow.com/
Icon Autocraft - India,https://iconautocraft.com/
CORINTHIAN MOTORS LTD,https://corinthianautomotive.com/
JD LaGrasse Architects,https://www.lyfarchitects.com/services
Rayway Marketing Inc,https://www.mapquest.com/us/ohio/rayway-marketing-inc-5791967
WINGLASS LIMITED,https://www.winglass.com.pk/
Maler Mrosek,https://www.maler-mrosek.de/
COZY POWELL FILM LIMITED,https://cozypowellfilm.com/
Quality Cleaning,https://qualitycln.com/
Wmg Academy For Young Engineers,https://coventry.wmgacademy.org.uk/
John Denny Company,https://www.jdaltd.com/
Sunset Landscape Contracting,https://callsunsetlandscapes.com/
CyberSyzygy,https://www.mapquest.com/us/california/cybersyzygy-345674635
ESSENTIAL FIRST AID SUPPLIES LIMITED,https://www.firstaid.com.sg/
Orange Bay LLC,https://orangebaycompany.com/
Charbonnages de France,https://www.charbonnagesdefrance.fr/
United Temporary Labor,https://seasonaljobs.dol.gov/
Elliott Construction,https://elliottconstruction.net/
陕西省核工业地质调查院,https://www.cgs.gov.cn/
Puschke Farben & Mehr,https://maler-purschke.de/
Algarve Sea Adventures,https://algarve-sea-adventures.com/
DFG,https://www.dfg.de/en
SERCOMEX INTERNACIONAL S.A DE C.V.,https://sercomex.mx/
Pud Owens Realty,https://pudowensrealty.com/
United_Digihub,https://uniteddigihub.com/
Texas Fixtures Installers,http://www.texasfixtures.com/
Productwork,https://productworksllc.com/
Rascals Child Care Ctr,https://littlerascalschildcare.com.au/
ANK International Co. Ltd,http://www.theank.co.kr/
RAI Medical Technology,https://raimedical.co/
ARMSTRONG HEALTH PROFESSIONALS LTD,https://armstronghealth.org/
GRUNDSCHULE GOLDSCHEUER,https://www.gs-goldscheuer.de/
KOTECHA ASSOCIATES LIMITED,https://www.kotechagroup.org/
Gravity Solutions,https://gravitysolutions.net/
Cunningham Overhead Door,http://www.cunninghamdoor.com/
Lawyers Office Services,https://www.clio.com/blog/best-law-firm-websites/
ALT Music Center Sas,https://www.music-jobs.com/it/directory/alt-music-center-sas-1329420
KF-Arkitektur Og Byggerådgivning Aps.,https://virkdata.dk/firmaer/33503229/kf-arkitektur-og-byggeraadgivning-aps
Charlies Country Kitchen,https://casickels17.wixsite.com/rickycharlies18
Marion Tae Sook Lee,https://naturheilpraxis-lee.de/
DuplexIR,https://www.duplexir.com/
Tripps Painting,https://www.trippspaint.com/
24 Multimedia,https://www.24media.gr/
Practice Mgmt Solutions Llc,https://p-mgmtsolutions.com/
Pearlfrost,http://pearlfrost.com.au/
NQL Energy Svc,https://pitchbook.com/profiles/company/13410-01
STAGG DESIGN LTD,https://stagg-design.com/
Matt S Auto Sales,https://matsautosales.com/
TORCOIL&GASLIMITED,https://www.annualreports.com/Company/Torc-Oil-Gas
Avatier Corporation,https://www.avatier.com/
Allen R Smith,https://allenrsmith.com/
Villager Lodge,https://www.villagerniagara.com/
Veritas Incorporated,https://www.veritas.com/
Foto-Atelier Schatten Licht Farbe,https://www.ulrikesommer.com/
Mountain Clean LLC,https://www.mountaincleanllc.com/
N.A.D. SUPPLEMENTS Inc.,https://nuchido.com/
Espey Möbelhaus KG,https://www.umzuege-espey.com/
Widnel,http://www.widnell.eu/
reikiheals.ca,https://www.reikiheals.com/
Brain Focus,https://www.brain.fm/
Sieger Weygangschule,https://august-weygang-gemeinschaftsschule.de/2022/
Feinberg Graduate School,https://www.weizmann.ac.il/feinberg/about/general-information
Better Buy Insurance,https://www.betterbuyinsurance.co.uk/Content/BBI-PD-A-0322.pdf
SABA TEXTILE AVENUE - India,https://www.aepcindia.com/members-directory/saba-textile-avenue
Timo Lehmann,https://www.clearwatercf.com/pt/experience/team/view/timo-lehmann/
Fitness Factory Martial Arts,https://fitnessfactory.us/MA
IMT - Puerto Tarraco,https://www.seat.com.tr/modeller/tarraco/tarraco
Viadipuk,https://www.evolutio.pt/
City Place Surgery Center LLC,https://cityplacesurgery.com/
ANDREW STANLEY WOODWORKING LIMITED,https://www.ajbuildingslibrary.co.uk/companies?companyID=34628
Medical Employees Of Staten Island Federal Credit Union,https://www.creditunionsonline.com/credit-union-6688.html
Lauren S. Ochoa,https://ukhealthcare.uky.edu/advanced-practice-providers/lauren-ochoa
Boviplan srl,https://boviplan.com.br/
Wee Haul Inc,https://weehauljunk.com/
JJproduction - Production Management Entertainment,https://soundcloud.com/jj-production
Richell Usa Inc,https://www.richellusa.com/
Izb Group Ltd,https://www.izb-online.com/en/index.html
"Security Consultant Specialists, LLC",https://securitycs.com/
Unique Inns,https://www.uniqueinns.com/
Mobile Crane Svc,http://mobilecraneservices.com/
Modern Bloom,https://www.modernbloomfloral.com/
Jennings Service Center,https://www.russelljennings.co.uk/
Forsgate Bankers,https://apps.pnc.com/locator/location-details/new-jersey/monroe-twp/08831/00741060/forsgate-monroe
Lynx SA Property Investments Pty Ltd,https://www.lynx-re.co.za/
Shop For Brides,https://www.kleinfeldbridal.com/
Nicewonger Company,https://www.nicewongerawningllc.com/
Gaukroger Enterprises,https://www.mapquest.com/us/california/gaukroger-enterprises-real-estate-investment-267670084
Demo Power Philippines,https://demopowerph.com/
Higganum Family Medical Group,https://www.prohealthmd.com/locations-nav/locations/ct/higganum-family-medical-group-415-killingworth-rd-higganum-ct-06441/DMC46403887.html
Huziteka Estamparia de Metais Ltda.,https://cnpj.biz/62780317000145
Goldhaus Moritz,https://moritz.gold/
Swifts Creek School,https://www.swiftscreekp12.vic.edu.au/
Universe Outsourcing Worldwide Ltd,https://www.bruntwork.co/
Stichting Belastingwinkel Regio Rijnmond,https://belastingwinkelrotterdam.nl/
Roger & Moris - India,https://rogerandmoris.com/?srsltid=AfmBOor8ZpCEh9FKowKuy61IlsQsjFiPH9SqUBgEqgq7XZZxle2p1aYM
Accurate Cleaning Partners BV,https://www.acpbv.com/
Panaceus GmbH,http://www.panaceus.de/
Portage Child Care Ctr,https://theportagechildcare.com/
Landschaftsbau Krause,https://landschaftsbau-krause.de/
Mma Const,https://www.mmaconstructionplant.co.uk/
Masching Excavating,https://m.yelp.com/biz/masching-excavating-odell
HARRY JAMES INTERNATIONAL LTD,https://harry-jamesgroup.com/
Virtual and Augmented Reality,https://arvr.google.com/
Lady Bug Flowers,https://www.ladybugsflowers.net/
XIAMEN LEGENDS LOGISTICS CO. LTD,https://www.legendechina.com/
Cheambathrooms,https://www.bathshop321.com/
Dentists Warrington,https://warringtonsmileclinic.co.uk/
Michael Crooke Events,https://www.michaelcrooke.com/
TMH Medizinhandel Ohg,https://tmh-medizinhandel.de/
Excel Youth Zone,https://www.idealist.org/en/nonprofit/6017a20c3dc74210a972bda2ea1346ae-excel-youth-zone-san-diego
COSMIC Circle,https://www.cosmiccircle.ch/
Malligai Dental Hospital - India,https://www.malligaidental.com/
Sinclair Design Group Inc.,https://sinclairdesigngroup.com/
unpf,https://www.unfpa.org/
TRS Enterprise,http://threadinvestments.com/
Donna Patterson Marketing,https://tedxlondon.com/speaker/donna-patterson/
B J Baking Co,https://www.bjbakery.co.uk/
Nightingale School,https://www.nightingale.org/
West Quay Records,https://bridgwatertowncentre.co.uk/businesses/west-quay-records
CBN Financial,https://www.cbn.gov.ng/
Petals of Norton,https://www.petalsofnorton.co.uk/
Leadcom Itay srl,https://leadcom-is.com/
Programmed Composites Inc,https://pitchbook.com/profiles/company/228029-95
Fornazier & Magalhães Advogados Associados,https://magalhaesadvogados.com.br/
RIFRAF Distribution Ltd,https://soundcloud.com/
KUDOS PROPERTY RENOVATIONS LIMITED,https://www.kudosdb.co.uk/
JP Mustard Inc,https://www.mustardagency.com/
BENOY FOUNDATION LIMITED,https://www.benoy.com/
John Elder Masonry Inc,https://www.dnb.com/business-directory/company-profiles.john_elder_masonry_inc.454b0cf46fce10ac870466bffcd0c08a.html
Consumer Insight,https://www.thinkwithgoogle.com/consumer-insights/
Stud Framing Inc,https://www.dnb.com/business-directory/company-profiles.stud_framing_inc.04418c01229634e0970f050aa7f8db72.html
HARRISONS PIPELINE ENGINEERING LIMITED,https://www.harrisons-eng.com/
Marketing Digital Total,https://totalmarketing.business/
Video Hits,https://vimeo.com/categories/music
Eden Commercials Ltd,https://www.edencommercialsltd.co.uk/
RUKA Ofenkeramik Und Zubehör GmbH,https://www.hafnertec.com/ofenkeramik/
Equilibrium Surf Shop,https://pukassurfshop.com/?srsltid=AfmBOoqc_0wa8saZFfSamoSFZkmm2UcPZ0cblPAEwNm6NteKIWvCd1UK
Kehitys Oy,https://www.lt-kehitys.com/en/
Pregnancy Counselling Aust,https://pregnancyhelpaustralia.org.au/
Blue Lobster Gifts,https://www.thebluelobster.com/
BUFORI MOTOR CAR COMPANY PTY LTD,https://bufori.com/
Finneytown Secondary Pta Group,https://finneytown.org/schools/secondary/
Orangecrest Dental Group,https://orangecrestdentistry.com/
Excel Charter Academy,https://www.nhaschools.com/schools/excel-charter-academy/en
Hpp LLC,https://www.hpp.com/en/
CLIFFORD SOLUTIONS LIMITED,http://www.southwilts.com/site/Clifford-Solutions-Ltd/About-us.htm
Dexter Shoe,https://www.dexterbowling.com/
Toyota Of Midland,https://www.toyotaofmidland.com/
MUNRO CARR LIMITED,https://www.munro-ev.com/
Boulevard Foods,https://blvdfoods.co.za/?srsltid=AfmBOoqElL74Qbk8RnWESrh_k3-E7b-MezW4YM6GVHhjRnQ7VpbFqX7M
Meredith Green,https://meredithgreenphotography.com/
Hair Do Beauty Shop,https://www.hair-dosalon.com/
"Dempsey, Myers & Company",https://www.propertyandcasualty.com/doc/dempsey-myers-company-llp-0001
capetta,https://capetta.it/en/
Steele Memorial United Meth,http://www.steelememorial.com/
JENNINGS PARTNERSHIP LIMITED,https://www.jenningspartners.com.au/
Staatliche Grundschule Uhlstädt,https://www.gsuhlstaedt.de/
mediadigital,https://www.mediadigital.co.za/
Ysgol Craig Y Deryn,https://www.ysgolcraigyderyn.cymru/en/
DLRG Issum-Sevelen E.V.,https://issum-sevelen.dlrg.de/
Bengal Ascent - India,https://socialprimes.com/ngo/ec7ab9a3-0a12-4ce5-aedc-aa1775e0a41e
Yoshi Im Alsterhaus,https://www.yoshi-hamburg.de/
True Elegance,https://www.trueelegance.com/
MadsWestermann.com,https://adeno.dk/en/about-adeno/
Alan Pepperell Removals,https://www.shippingcentral.co.uk/shipping/1027858/alan-pepperrell-removals
Cedie - Visuelle Kommunikation,https://www.cedie.de/
ASHFORD FIRST AID TRAINING LTD,https://ashfordfirstaidtraining.co.uk/home
Diva Dance Australia,https://divadancecompany.com/
MARATHWARA INSTITUTE OF TECHNOLOGY,https://engg.mit.asia/
Med Serve Medicina do Trabalho,https://www.servmedocupacional.com.br/
Youth Market,https://youthmarketing.com/
"tmb.org Data Telephone Cooperative, Inc",https://tmb.com/
Hammond Co,https://hammondco.co.uk/
Nuclear Surgicals - India,https://www.nuclearsurgicals.com/
Sun Palm Nails,http://sun-palm-nails.poi.place/
First Baptist Church Of Ceres,https://www.ceresfirstbaptist.org/
Compton Road Church,http://www.winchmorehillbaptistchurch.org.uk/
Quality Plant Productions Inc,https://www.dnb.com/business-directory/company-profiles.quality_plant_productions_inc.41a1f669eddb41f67e95aecd4f19ff6b.html
PRESIM - Premoldados Simões Engenharia e Comércio Ltda,https://www.presim.com.br/
MY LONDON OFFICE LIMITED,https://thelondonoffice.com/
Marquee Hire in Yorkshire,https://www.yorkshiremarqueehire.co.uk/
Spectrumpodpoint,https://charge.pod-point.com/address/spectrum-apartments-xjpep
Calsaway Pool Services Inc,https://www.angi.com/companylist/us/az/pheonix/calsaway-pool-services-reviews-448148.htm
Colegio Calasancio,https://www.colegiocalasancio.es/
Electric Wholesale Co,https://www.electricalwholesale.com/
Mexico Voices,https://mexicovoices.blogspot.com/
Fort Grafica Digital Ltda,https://www.dnb.com/business-directory/company-profiles.fort_grafica_digital_ltda.3e712d706c96cf620f4b9203a13f0b99.html
Rai-Reiten Tulpenhof,https://www.rai-reiten.de/
WAKEFIELD OSTEOPATHS LIMITED,https://www.wakefieldosteopaths.co.uk/
Hannah Emily Bridal,https://hannahelizabethbridal.com/
Eventi Divertenti,https://www.meetup.com/it-IT/find/online-events/
Phoenix Storm Enterprises,https://stormphoenix.co.za/
Techsense Solutions,https://www.techsense.com/
Skinner Appraisal Inc,https://www.skinnerinc.com/selling/online-appraisal/
Book a Table Malta,https://bookia.mt/
Swill N Grill,https://www.tripadvisor.com/Restaurant_Review-g1060659-d5091964-Reviews-Swill_N_Grill-Branxton_Cessnock_Greater_Newcastle_New_South_Wales.html
Vitalgas,https://www.vital-gas.com/
苏州大学附属儿童医院,https://www.sdfey.cn/
WASSERZAUBER Praxis Für Hydrotherapie,https://www.seniorenstuetzpunkt.de/directory/wasserzauber-praxis-fuer-hydrotherapie/
Buchbinderei Fahrni,https://buchbinderei-fahrni.de/
Triune Technologies,https://www.triunetechnologies.com/
Gotham Condominium,https://www.thegothamnyc.com/
"Future Directions: Counselling,Consultancy,Training",https://futuredirections.ca/
Indeck,https://indeck.com/
Jc Enterprises,https://www.jcenterprises.com/
First Credential Mortgage,http://1stcredential.com/
Modern Fabrics,https://www.modern-fabrics.com/?srsltid=AfmBOoo0in2rEZScUEE5n6UCo8p1BgnRvCVV48LxQnjLye50nCTHqNnQ
SPACO TECHNOLOGIES (INDIA)PRIVATE LIMITED,http://www.spaco.co.in/
"Hyperion Capital, LLC",https://hyperion-cp.com/
Joel Cameron Llc,https://www.joelcameronstudio.com/work/totem-skateboarding
TERRY HELMS CONSTRUCTION,https://www.alignable.com/anniston-al/terry-helms-construction-llc
,https://www.nanonline.org/
Denison ISD,https://www.denisonisd.net/
Rimesa,https://rimesa.es/en/
Performing Artist,https://performsites.com/
Mark Gventer DPM,https://www.healthgrades.com/physician/dr-mark-gventer-x866t
Wortmann Küchen GmbH & Co. KG,https://www.schreinerei-wortmann.de/leistungen/k%C3%BCchen/
Brigitte Eldering,https://brigittemay.com/
MILLSTREAM DESIGNS LIMITED,https://www.dnb.com/business-directory/company-profiles.millstream_designs_limited.ca4bedcbdd56dac0cbfa601a6efe65c1.html
Infomax Systems Inc,https://www.infomaxoffice.com/
Zindagi Trust USA,https://www.zindagitrust.org/
Hart Schaffner & Marx,"https://www.abi.org/feed-item/hart-schaffner-marx-owner-suits-up-for-bankruptcy-court#:~:text=The%20company%20that%20owns%20men's,the%20second%20time%20since%202009."
U Baby,https://uniworld.com.my/about/
St Paul's Consultancy,https://stpaulconsulting.com/
SASQUATCH TRADING LTD,https://web.victoriachamber.ca/Aboriginal-Goods/Sasquatch-Trading-Co-Ltd-2557
Confecciones Medellin,https://cmillar.co/
Biesemeier Touristik OHG,https://www.onlineweg.de/flugreisen/
Little Cougar Playhouse,https://www.agwsr.org/page/early-childhood
Marina Beauty Parlour - India,https://www.marinabeautyparlour.com/
Khabza Holdings PTY,https://www.fsra.co.sz/directory/buka.php?yiphi=426
Burford International Ltd,http://www.burfordinternationalltd.com/
LogoKathrinChristians 300px Back RGB,Site bulunamadı
Marybeth On The East Side,https://www.eastsidechristianschool.com/faculty-and-staff/mary-beth-thomas
Gert Fleischmann,https://designreviewed.com/designer/gerd-fleischmann/
Craig Y Mor,https://craig-y-mor.weebly.com/
Star Light Therapies,https://starlighttherapy.co.uk/
C Print Solutions Inc,https://www.cprintsolutions.com/
Dr. Schur und Partner,https://www.drschur.de/
Cornerstone Marketplace,https://www.cornerstoneondemand.com/platform/talent-marketplace/
United Foods Company (P.S.C),https://www.unitedfoods.ae/
Elite Sounds Entertainment,https://elitesoundentertainment.com/
Chef Connection,https://thechefsconnection.com/
Mother Labour Law Consultants - India,https://labour-law-consultants.com/
nyack puclic schools,https://www.nyackschools.org/
Waring Historical Library,https://waring.library.musc.edu/
Thorson Vending,https://www.thorsonmotorcenter.com/how-to-buy-a-car-online
BFA SERVICES LIMITED,http://www.bfa-limited.com/
G&S Rotomoldagem,https://www.izoref.com/goerg-schneider-stoneware-camurlari/562-gs-240-stoneware-seramik-vakum-camuru-beyazacik-krem-10-kg.html
KALLISTO INVESTMENT ADVISORS,https://kallistopartners.com/it/home/?lang=en
Simmons Family Trust,http://simmonsfoundation.org/
Del Neso Costruzioni,https://www.ufficiocamerale.it/5899/del-neso-costruzioni-snc-di-del-neso-alessandro?srsltid=AfmBOoqF0mPgUf5gDyYPszcQazHgp2Bq6GxhAGpBxq7NPBORK8lZM8mi
GET Gorgeous,https://getgorgeous.shop/
THEIA CONSULTING LIMITED,http://www.theiaconsulting.com/
Madovergame,https://www.madovergames.com/
Greenteam Brasil,https://greenteam.bio/nosotros/
"BuenAbogado.com - en español, en su ciudad, sobre su caso.",https://tuappbogado.es/
Emerald Drywall Inc,https://www.emeraldisledrywall.com/
IVYBRIDGE RESIDENTS ASSOCIATION (UXBRIDGE) LIMITED,https://open.endole.co.uk/insight/company/02662214-ivybridge-residents-association-uxbridge-limited
Altamont Medical Clinic,https://www.sarahbush.org/altamontmedicalcenter/
Ernst Berger KG,https://www.autohaus-berger-altena.de/
Karobar INC,https://karobarbusiness.com/
Hanes Mill Outlet,https://www.hanes.com/
Excess Properties,https://www.txpg.com/
Fincas del Sur,https://www.fincasdelsur.com/
Naturally Morocco Limited,https://www.naturallymorocco.co.uk/
Construction Habiflex,https://homestars.com/companies/2668986-construction-habiflex
VIALCON,https://www.vialcon.net/
Dhollandia North America,https://www.dhollandia.com/
"Folansi Energy Saving Equipment co,Ltd",https://www.folansi.com/
Fahrschule Habbecke GmbH,https://fahrschule-habbecke.de/
Tricolour Properties - India,https://tricolour.co.in/
Elegant Wings,https://solia.fandom.com/wiki/Elegant_Wings
Homesouth Properties,https://www.homesouth.net/
Traveleroz,https://www.lonelyplanet.com/
Worldwide Global International,https://globally.org/
EJ FOOTBALL,https://www.ejfutball.com/
Nogal Wiedes Communicatie,https://hetinternetookuwzaak.be/nieuws-blog/detail/van-offline-naar-online-communicatie-en-andersom-gastblog
Hebamme Wolfenb,https://www.hebammerei-wf.de/
Doug Stevens,https://douglasstevens.co.uk/
Escher-Grad Technologies,https://www.eschertech.com/
Shake-a-Delic,https://www.shakeadelicpizza.co.uk/
Endocrinology Metabolism,https://www.e-enm.org/
Daughters Of Mary,https://www.daughtersofmary.net/
Innovationsbron Uppsala AB,https://uic.se/en/
inpromin sociedad anonima,https://www.dnb.com/business-directory/company-profiles.inpromin_sa.af140a6a1341a4dd391ccead53dd6670.html
Napier Fitness Inc,https://www.snapfitness.com/nz/gyms/napier
Fahrschule Inh,https://www.fahrkunst.eu/
EnviroPower GmbH,https://eprenewable.com/
Carson Inc.,https://www.carson.com/?srsltid=AfmBOopOBYThynBnnl91Cpm0pN-M4RtbYMTMmMX7CMn2oulKCMEMoFFy
Buena Vista Orthopedics,https://www.bvrmc.org/specialization/orthopedic/
Rolândia Rolamentos e Retentores,https://www.rolandiarolamentos.com.br/
Jiorle's Office Supplies,https://jiorles.wordpress.com/about/
Haus Heim,https://www.heimhaus.de/
Mulberry Corp.,https://www.mulberry.com/
usefulBits ontwerpsupermarkt,https://www.libas.com.tr/en/products/kadin-bogner-bot-22341203-001-antwerp-l-11-a?srsltid=AfmBOop1ad_7h1cjRMWuPKvvaHThfeRX7IaAt2ROLNDklVTanv8hP1Qu
Electromechanics Of Florida,https://www.dnb.com/business-directory/company-profiles.electromechanics_of_florida_inc.ba8a10fd518ab6a3dbed10b3278515c7.html
OAKWELL BREWERY,https://oakwell.com/
Lomar Companies LLC,https://lomarcompanies.com/
Carvell Transmission Masters,https://www.transmission-masters.net/
Julie Inkersole,https://www.penrithartclub.co.uk/julie-inkersole.html
ACN Solutions www.acnsolutions.co.uk,https://www.acnsolutions.co.uk/
solvent software solutions pvt ltd,https://www.zaubacorp.com/company/SOLVENT-SOFTWARE-SOLUTIONS-PRIVATELIMITED/U72200AP2010PTC071099
HOMES COMPLETE LIMITED,https://www.complete-ltd.com/
"The Michelle Sterling Las Vegas Real Estate Team at Prudential Americana Group, Realtors",https://www.signalhire.com/companies/the-michelle-sterling-las-vegas-real-estate-team-at-prudential-americana-group-realtors
Capital Equipment & Supply,https://www.capitalequipment.co/
Pristine Health,https://pristinehealthok.com/
"BHC Fox Run Hospital, Inc.",https://foxruncenter.com/
Cascade Care Centers Inc,https://www.cascade-care.com/
Automated Systems Inc,https://www.asiweb.com/
KIKU DESIGN LIMITED,http://www.kikudesign.com/
Southwest Travel Inc,https://www.southwest.com/
BAGGIO ARREDAMENTI SRL,http://www.baggioarreda.it/
Sangram Industries - India,https://www.dnb.com/business-directory/company-profiles.sangram_industries.0b75cd04d044c616b9eaaeb7845dc43e.html
Egmondcomplex-fotografie,https://www.egmondcomplexfotografie.com/
Christine Allynne Photography,https://www.yelp.com/biz/christine-allynne-photography-niles
WINDOW WARRIORS LLP,https://www.windowcleaningwarriors.com/latest
Annemarie Geissler Weinhandel,https://web2.cylex.de/firma-home/weinhandel-annemarie-geissler-5337647.html
Heidi Ringlstetter,http://www.planquadrat-gruen.de/
HOUSECALL AUTO MECHANICS,https://www.housecallautomechanics.com/
Special Tool Engineering Co,https://www.specialtool.net/
Dragonfly Media Services - DfMS,http://dfms-online.com/
mHyperbarics,https://www.uhms.org/
Calali Bush Lodge,https://calalibushlodge.com/
Tahan Insurance Malaysia Berhad,https://www.bnm.gov.my/-/assumption-of-control-of-tahan-insurance-malaysia-berhad
Chanakya Mandal Parvivar,https://chanakyamandal.org/
Heyne Schuh Und Sport GmbH,https://www.schuh-heyne.de/
Schalander Hausbrauerei,http://www.schalander-berlin.de/
Diamond Insulation - India,http://www.diamondrefractories.com/
寰球汽车传媒,http://www.huanqiuauto.com/
JA Coleman LLC (USA),https://jcolemanconsulting.com/
Pacific Wholesale Supply,https://www.pacificwholesale.com.au/
Audiology Center Of Maine,https://audiologymaine.com/
Global Excel Travels & Tours limited,https://globalexcel.com/
Adolf Hilke,https://www.immobiliengutachten-kassel.de/
RODNEY KING & PARTNERS,https://wards.uk.com/wards-news/rodney-king-partners-joins-wards-solicitors/
Blackwood Ecological Services,http://www.blackwoodecology.com.au/
Desert Palace Casino,https://www.desertpalace.co.za/
Champions Of The Web,https://championsoftheweb.com/
Kia Insurance,https://www.kia.com/au/shopping-tools/kia-insurance.html
diseños para bordar,https://disenosparabordar.com/
crazyALEX.de GmbH,https://www.crazyalex.de/
Quality Foundations,https://qualityfoundationschildcare.com/
SEVEN VEHICLE SOLUTIONS LTD.,https://sevenasset.co.uk/
Biaxis Packaging Sales Inc,https://www.biaxis.com/
"Premier Tire Terminal, Inc",https://thetireterminal.com/
Doctors Vegetables Co. lTd.,https://www.zoominfo.com/c/doctors-vegetables-co-ltd/426170339
otafx,https://www.octaeu.com/
Reservoir Research,https://reservoir-prima.org/
Google Tv,https://tv.google/
Blair Hotels,https://www.blairhotels.com/
Louise Bridal,https://www.annlouisebridal.com/
King Vision Care,https://visionsource-kingvisioncare.com/
Arman Trading Co,http://yiwu-armantrading.com/?lang=en
Wild Ltd,https://wearewild.com/?srsltid=AfmBOopRCSCGgl5WWrwwooV4SQw8WokTk_GwcZY6qmvCPIxSapxKUR57
MOUNTIVATION LIMITED,https://motivation.org.uk/
NOT JUST COOKING LIMITED,https://whatscooking.group/
Maponos Media,https://play.google.com/store/apps/details?id=com.maponosmusic.maponosapp&hl=en
Muna Zuberi,https://www.munazuberi.co.uk/
Sleezer Real Estate,https://swansonrealestate.net/project/wendi-sleezer/
Nova Tour Travel Agency,https://www.novatravel.com/
ServiceMaster Birmingham,https://www.servicemasterclean.com/servicemaster-of-birmingham/
Alpina Wholesale,https://www.alpina-garden.com/int/
Members Cooperative Credit Un,https://www.membersccu.org/online-mobile/online-banking-bill-pay/
ROXEL FRANCE,https://www.roxelgroup.com/
Systems Analysis & Balancing,https://sai-tab.com/
Annett Haerzer - Sanctuary,https://www.zoominfo.com/c/annett-haerzer---sanctuary/425488752
Praxis Ute Kleine,https://praxiskleine.de/
Community Fellowship Inc,https://www.communityfellowship.com/
Phoenix Mandolins,https://phoenixmandolins.org.uk/
"Lake & Air, Inc.",https://lakeandair.com/
Brand Equity Marketing Corp,https://brandequity.economictimes.indiatimes.com/
Marofke Bauunternehmen GmbH,https://www.marofke-gmbh.de/
Intranets Inc,https://www.interactsoftware.com/
Grandoldduke.com,https://www.grandoldduke.com.au/
Mebeus Inc,https://www.mebius.si/
Bird Rock Yoga,https://riffsyogastudios.com/bird-rock-yoga-classes
De Meubelconcurrent Eindhoven B.V.,https://drimble.nl/bedrijf/eindhoven/18485901/de-meubelconcurrent-eindhoven-bv.html
Hettinga Dairy,https://www.dnb.com/business-directory/company-profiles.hein__ellen_hettinga_dairy_farms.7c1196c579ab513174576934c997924a.html
The Psychedelic Eye,http://thepsychedeliceye.com/
Eskimos,https://www.eskimo.travel/
Add Record AB,https://help.one.com/hc/en-us/articles/360000799298-How-do-I-create-an-A-record
Amandla Computer and Machine Moving,https://www.yep.co.za/biz/store/iyp/7179360_2
CONCORD ENERGY PTE LTD,https://www.concordenergygroup.com/
Neuweg Fertigung GmbH Kugellager,https://www.nsk.com/eu-de/company/news/2024/new-owners-for-neuweg-fertigung-gmbh-0/
Progresso Quality Foods,https://www.progresso.com/
"Hebei Longsheng Metals & Minerals CO.,Ltd.",http://www.hebei-longsheng.com/
Gnp CORP,http://gnpgroup.in/
Webber Tanks Inc,https://webbertank.com/
BOLFAN VINSKI VRH,https://www.bolfanvinskivrh.hr/?lang=en
Fort Osage Fire Protctn Dist,https://fortosagefire.org/
Mineraliniai vandenys,https://mvgroup.eu/
正阳集团,https://www.suny-group.com/
Kirrawee Veterinary Hospital,https://www.kirraweevet.com.au/
Casey Storage Solutions,https://www.caseysstorage.com/
RECCOM ENVIRONMENTAL LIMITED,https://companycheck.co.uk/company/08236603/RECCOM-ENVIRONMENTAL-LIMITED/contact
Loving Hands Learning Ctr,https://www.lovinghandslearningcenterllc.com/
Instinct Magazine,https://instinctmagazine.com/
"R & L Machine Products, Inc.",https://rlmachining.com/
Global Network Realty Inc,https://globalnetworkrealty.com/
Hiring Zone,http://www.hirezone.com/
Bolection Door,https://www.todd-doors.co.uk/bolection-iris-oak
TEC Imaging Systems,https://www.toshibatec.co.uk/
Laurel Thrift Store,https://primethrift.com/pages/laurel-md
Computertechnik Trenkle,http://ortenau-dsl.de/
Hotel Sauerländer Hof Iserlohn,https://sauerlaenderhof.de/
Radsport Duschl Inh. Christoph Schwerdt,https://shop.rennrad-triathlon-nuernberg.de/
Momot Trailer Sales,https://momot.viaretailparts.com/
Antik Am Rathaus,https://antikamrathaus.de/
Theosophical University Press,https://www.theosociety.org/pasadena/ts/tup.htm
Nelmes Primary School,https://nelmes-havering.org.uk/
Jumpin' Around,https://jumpinaroundllc.com/
"INKAM, s.r.o.",http://www.inkam-cz.cz/gdpr
Sonya Lewis DDS,https://doctor.webmd.com/doctor/sonya-lewis-644ae1a8-6720-41b0-ac97-d3f9b852f372-overview
South Ealing Dental Practice,https://www.dentistsouthealing.com/
Pareto Technologies - India,http://www.paretotech.co.in/index.html
"OHKOSHI SECURITY CONSULTANT,INC (Clayton Consultants Japan)",https://www.fujitsu.com/downloads/JP/archive/imgjp/group/fri/events/topos03-pg.pdf
Rahi Inc,https://rahi.io/brochure/company-overview/
Routes Inc,https://www.routesonline.com/
European Properties Management,https://european-rem.com/en/
Network Connectivity Solutions INC,http://www.networkconnectivitysolutions.com/
Kaipo Corp,https://www.kaipo.biz/index_en.asp
3D visualization services,https://www.easyrender.com/
Servicios Integrales de ingenieria,https://serviciosing.net/
The Island Water Accociation Inc.,https://www.islandwater.com/
Xaverian Brother,https://xaverianbrothers.org/
EXPRESS AGENCY LIMITED,https://www.agencyexpress.co.uk/
CONSECO STRUCTURES LIMITED,https://consecogroup.com/
Paper and Print,https://paperandprintkl.com/
Technical Mechanics Ltd,https://technicmsl.co.uk/
comercial y servicios trade 2000 limitada,https://serviciosturisticos.sernatur.cl/7879-trade-2000
Delta Compliance Ltd,https://deltacompliance.co/
dominique macabies,https://dominique.macabies.fr/en/
RAIBC,https://raibc.org.uk/
Sale Pilates,https://www.pilates.com/collections/sale/
Irv Schroeder County Motors,https://www.ebay.com/itm/225986396926
Marys Book Exchange,https://www.marys-usedbooks.com/
Alfranko Development Sdn Bhd,https://www.alfranko.com.my/
Paradise Panther Cub Care,https://www.paradise-panther-cub.com/
Medical Management Consultant,https://www.medicalmanagement.com/
Persuaders - HR Excellence,https://www.persuadersrh.com/en/
PARK VIEW PROPERTY MANAGEMENT LIMITED,https://parkview-property.co.uk/contact-us/
Mystic Landscape,https://mysticlandscaping.com/
Washtenaw Communications Inc,https://www.washtenawemergencycommunications.org/
Stingray Services Ltd,https://www.stingray.com/
Pleasanton Valley Club,https://pvclub.com/
Morlo Nursery,https://www.marlofarms.co.za/
Trockenbau Scholtyssek GmbH,http://www.trockenbau-scholtyssek.de/
Dmb Chiropractic PLLC,https://dmvmobilechiropractor.com/
Giovanni Innella,https://www.giovanniinnella.com/
Birgit Ebermann,https://www.bio-austria.at/mitarbeiter/birgit-ebermann/
Stars N Garters - India,https://www.etsy.com/in-en/market/star_garter
Branz Haus,https://www.branz.co.nz/healthy-homes-research/hcs/
Imagine That Concrete Design,https://graphicconcrete.com/
Xterra Real Estate,https://xterrare.com/
Grana Investments,https://granainternational.com/
Momoya Sushi,https://momoyanyc.com/
Anton Kern GmbH,https://www.kern-dental.de/index.html
MEC COM LIMITED,https://mec-com.co.uk/
CALEDON BAR LTD,https://thecaledonian.ca/
Color & Repair,https://colorndrive.com/?srsltid=AfmBOopDXVhMF2oWWJAA49TCFoUw0grX9IbPxYaZdw0GO0HFNYFVRUu0
Kingfisher America Co,https://www.kingfisher.com/en/index.html
ACORN COMMERCIALS LIMITED,https://www.acorn-commercials.co.uk/
The Stamford Wine Company Ltd,https://www.yell.com/biz/the-stamford-wine-co-stamford-7540214/
Healthy Hair & Body,https://www.healthyhairplus.com/?srsltid=AfmBOoor7reWR_QQWD2CvEEWdR7DT9VqVNMtMyk_1XdM4yF89T0H-m8E
Annen GmbH & Co. KG,https://www.annen.eu/
PENTECOSTAL HOLINESS CHURCH,https://iphc.org/
Delta EMD,https://deltaemdpark.co.za/
Rogersbutchers,https://rodgersbutchers.com/
Puppets Creatives,https://creativeplaypuppets.com.au/?srsltid=AfmBOooTCrzh7SJSway89UtfXxuCS_rLuiOwjvun27_q515H4TAeWPNb
Paradise Marine,http://www.paradise-marine.com/
Leader Funding Inc,https://www.leaderfunding.com/
Le Blow,http://leblow.co.uk/
E.E.CO. Srl,https://www.ee-co.com/
WA Bait Supply,https://www.wabaitsupply.com.au/
Beeston BID,https://www.beestonauctions.co.uk/
Camping Bosau,https://camping-bosau.de/
Multistruct Ltd,https://www.multistruct.co.tz/
OrderPlus Indonesia,https://www.techinasia.com/companies/order-plus
MKS-Unfallinstandsetzung,https://www.mks-unfallinstandsetzung.de/
American Car Store Inc,https://www.cars.com/
Tal-Cafe,https://www.talspatisserie.com/full-menu
Straight Thinking,https://crpf.gov.in/writereaddata/images/pdf/Think_Straight.pdf
Rt Rentals,https://rt-rentals.com/
7A Coffee Shop,https://www.7acoffeeshop.co.uk/
BABY BLANKET SUNCARE,https://konfidence.com.sg/collections/baby-blanket-sunscreen
Hafeez Karamath Limited,https://www.hafeezkaramathlimited.com/
BELCHER MADDOX ADJUSTERS LIMITED,https://callcenterinfo.tmcnet.com/news/2006/08/16/1810487.htm
Sorenoah,https://www.behance.net/garretgaw?locale=tr_TR
Forsyth County Cooperative Ext,https://www.co.forsyth.nc.us/ces/
Docomercio Importação & Exportação Ltda,https://www.linkcomercial.com.br/
Peninsula Roofing Company Inc,https://peninsularoofing.com/
Bethany Hearten House III,https://www.eaglecrestlife.org/community/hearten-houses/
Nelson Road Dental,https://www.nelsonroaddental.co.uk/
WINTERBOTTOM HOLDINGS LIMITED,https://www.bloomberg.com/profile/company/WBH:AU
South Kalgoorlie Primary School,https://southkalgoorlieps.wa.edu.au/
Daredevils Activewear,https://daredevilfitness.com/product-category/all/
Isar Autocenter E.K.,https://www.autoscout24.com.tr/lst/land-rover/defender/san-quirino
BURO ID,https://www.bureau.id/
Avols,https://avolsbooks.com/
Hessisches Landgestüt Dillenburg,https://llh.hessen.de/bildung/landgestuet-dillenburg/
VEDUTA VISION LTD,https://www.vedutacenter.com/
My Driver Inc.,https://driversinc.com/
Lake Magdalene Academy,https://www.lakemagdaleneacademy.com/
Martin Hansen Drafting,https://www.ralfmartinhansen.de/
Electro Concepts - India,https://www.indiamart.com/electro-concepts/aboutus.html
Hotel Jeena Residency - India,https://www.hoteljeenaresidency.com/
Troms fylkeskommune,https://www.tromsfylke.no/
Gateway Stables Inc,https://gatewaystablesandridingacademy.com/
Logic-Design.Inc,https://www.logicdesign.com/
Euro Office Equipment Limited,https://www.euroffice.co.uk/
Cognitive Electronics,https://taltech.ee/en/cognitronics-research-group
CRA Riverside,https://www.canada.ca/en/revenue-agency.html
AleksandraMroczko.pl,https://aleksandramroczko.pl/
Mvb Trucking Comp,https://www.roserocket.com/trucking-company/mvb-transport-inc-usdot-3659352
"Wolf Baxter, LLC",https://www.baxter.com/our-story/our-leadership/daniel-dan-wolf
WONT EVER BE LIMITED,https://tracxn.com/d/legal-entities/united-kingdom/wont-ever-be-limited/__dUDp2yAJ8z0G7YfIUdieES9ivuhq5_GouOKvxy94VPY
Shore Restore Services C.I.C.,https://www.restoretheshore.ca/
South Seas Plantation,https://www.southseas.com/
Ariana Grill Tandoori,https://www.ariananewyorkcity.com/
Jonathan Andrew Construction,https://m.yelp.com/biz/jonathan-andrew-construction-katy
Gus And Guidos Restaurant,https://www.tripadvisor.com/Restaurant_Review-g1175390-d20009357-Reviews-Gus_and_Guidos_Backyard-Ayr_Region_of_Waterloo_Ontario.html
ORE International,https://www.oreintl.com/
Tres Mujeres Llc,https://tequilatresmujeres.com.mx/?srsltid=AfmBOop2je1m65MhZy-68RD9zJscNmUES-PB0Iu5Fprh11kC5FU7aywl
George Privett Jr MD,https://www.healthgrades.com/physician/dr-george-privett-32hd7
Cca Motos,https://www.ccamotos.com.br/
Two Thirty One Bbq,https://www.yelp.com/biz/webbs-two-thirty-one-bbq-midland-city-2
Braiding Shop,https://anyshairbraiding.com/
Bizumo Brasil,https://translate.google.com/translate?u=https://www.tmf-group.com/en/news-insights/articles/doing-business-in/brazil/&hl=tr&sl=en&tl=tr&client=srp&prev=search
CORAFI,https://cbs.csb.gov.tr/
Akshar Dental Clinic - India,https://www.akshardentalclinic.com/
Grands Ensemble,https://grandsensemble.org/
Keival International - India,https://keivalinternational.com/
Démarche Qualité Service,https://www.entreprises.gouv.fr/files/files/directions_services/services-a-la-personne/Pour_les_pros/SE_DEVELOPPER/etape_pour_demarche_qualite.pdf
Tradewinds Trucking Inc,http://tradewindstransportation.com/
Challis Elementary School,https://elementary.d181.k12.id.us/
DAVID FOAKES CONSULTING LIMITED,https://www.fticonsulting.com/uk/experts/david-fowkes
Chiseldon Tennis Club,https://clubspark.lta.org.uk/ChiseldonTennisClub
Centennial Chiropractic,https://www.mycentennialchiropractic.com/
Design Mode International,https://www.designmode.com.au/
Huertgen Family Chiropractic,https://www.drnormhchiro.com/
Creative Corporate Trainers (M) Sdn Bhd,https://creativetrainer.com.my/
Hospiz Ahrensburg E.V.,https://www.hospiz-ahrensburg.de/
Waves Digital Life,https://www.waves.com/
CERAMICA PASTRANA,https://grupopastrana.com/
Designer Cakes By Elle,https://www.designercakesbyelle.co.uk/
Dental Care On Premises,https://www.premisehealth.com/types-of-care/primary-care/dental/
Tawafuq Tech,https://www.tawafuqtech.com/
ルチェット　インターナショナル,https://www.lucetenglish.com/
Billiards.com.au,https://www.billiards.com.au/
MICHAEL CRAMER,https://cramer.info/
Richards Thomas,https://www.richardthomascreative.com/
Starbuck Sprague Lighting,https://apply.starbucks.com/careers/job/481061225968-barista-store-08935-sprague-and-pines-12328-e-sprague-ave-spokane-washington-united-states?domain=starbucks.com
Alabama Department of Environmental Management,https://adem.alabama.gov/
Triple J Investment,https://triplejexchange.com/
GM GROUNDWORKS LIMITED,https://www.gmgroundworks.co.uk/
Welchs Bakery,https://www.welchs.com/
CopenBaking,https://www.openbanking.org.uk/
Wrobel Autogas-Technik,http://xn--autogasumrstungumbau-yec.de/
Carver Design Studio Arch,https://www.studiocarver.com/
"XIAMEN RUNNING WORLD COMPONENTS CO,LTD",http://www.rwbearings.com/
Amk Inc,https://www.amkproducts.com/?srsltid=AfmBOoqeE8gsC-HctO938kxbl1p2UAUtkeelyegV9T7V_XKZLKhRRU22
Thomas Grinding Inc,http://www.thomasgrinding.com/
Stoffhaus,https://www.stoffhaus.de/
Thomas Klitsch,https://www.schreinerei-klitsch.de/
"Trade West Systems, LLC",https://pitchbook.com/profiles/company/126422-38
Nancy Heller Designs,https://www.goodbyeclutter.com/
Millennium Pizzeria,https://www.ordermillenniumpizzeria.com/
Harris Brokerage Co,https://www.harrisbrokerage.com/
Gmd Computrack Atlanta,https://www.gmdatl.com/
HAGECO SRL,https://hageco.com/
Newtonville Pediatrics,https://www.newtonpediatrics.com/
Bounce Enterprises,https://bounceinc-global.com/
KELCEN,http://www.telcen.com/
THE LAURELS VETERINARY CENTRE (HEREFORD) LTD,https://www.laurelsvets.co.uk/
Weiland Service,https://wieland-metalservices.com/
Balbino Serviços Elétricos,https://www.econodata.com.br/consulta-empresa/43098564000111-E-B-CUNHA-DE-MORAES-SILVA-INSTALACAO-E-MANUTENCAO-ELETRICA
Champion Dyeing & Finishing,https://www.textileinfomedia.com/business-info/Champion-Dyeing-Finishing-Inc
Lidlington Church,https://lidlingtonchurch.org.uk/
Harlem Restoration Project,https://harlemrestorationproject.wordpress.com/contact/about-2/welcome-to-harlem-restoration-project/
Nigerian Aviation Handling Company Plc,https://www.nahcoaviance.com/
北京铁道大厦,http://www.aitielu.com/?id=330
Glue Inc.,https://www.glue-to.com/
P.M.A Bathroom Renovations,https://pmarenovations.com/
MATT COOPER CONSULTING LTD,https://consultingfordevelopment.co.uk/
Best Suites,https://hoteltechreport.com/news/hotel-website-designs
B2c2 Inc,https://www.b2c2.com/
Mod Aircraft Spares,https://www.calportaviation.com/military-aircraft-spares/
AAA WIRELESS SUPPLIERS,https://www.aawireless.io/
SCHUTZ CONSTRUCTION,https://schuetzconst.com/
Route 1 Self Storage,https://www.rt1selfstorage.com/
Family Service Centre - India,https://www.fscmumbai.org/
Anderson Tree Service,https://www.andersontreeserviceinc.com/
Svantek LTD,https://svantek.com/
Regency Steel Inc,https://www.regencysteelasia.com/
Laprelle Restaurant,https://www.laperle.com/en
Maruti Casting - India,https://www.marutisteelcasting.com/
Meldestellen - Service Annette Zeidler,http://www.meldestelle-zeidler.de/
Pardee Chiropractic Ctr,https://www.yelp.com/biz/pardee-chiropractic-centers-ridgefield
Beerdigungsinstitut Kemp-Brenig E.K.,https://bestattungen-brenig-kerpen.de/
Founder and writer of Two Way Monologues,http://www.sondrelerche.com/discography/two-way-monologue
Cole Productions Photography,https://www.yelp.com/biz/cole-productions-photography-moonee-beach
ROUTE MARKETING LIMITED,https://www.routemarketing.co.uk/
Angle Detailing Corp,https://angledetailing.com/
FAIRTECH SOLUTIONS LIMITED,https://web.fairtechs.co.uk/
Média Régie,https://regie.media-f.ch/
Doug Schmidt Construction,http://www.schmittandcompany.com/talent.html
Geneva Senior Ctr,http://www.genevatownship.com/seniorservices.shtml
Walkers Distributions,http://www.walkersdistributions.com/
dulce regalo maria angelica villegas toro empresa individual de respon,https://www.apollo.io/directory/companies/D/206
Romy Bieger,https://www.atelier-bieger.de/
Hotel Deutschmeister,https://www.hoteldeutschmeister.at/en/
Turkish Cypriot Community Association,https://tcca.org/
DUDLEY PRODUCTS,https://shop.dudleyq.com/
Richard Refrigeration,https://www.richardsrefrig.com/
Yellowstone Imaging Ctr,https://erabillings.com/locations/yellowstone-imaging-center/
Frank W Murphy,https://www.fwmurphy.com/
"Trident Water Services, LLC",https://www.tridentwater.co.uk/
Tanzschule Michaela Metz,https://www.tanzschule-buchen.de/
The River House Arundel,https://www.theriverhouse.com.tr/en
Life Enthusiast,https://www.life-enthusiast.com/?srsltid=AfmBOoqw3eVNry0MNCzaKNJDbTaLdregi_Q_auRI7TwTQ96Iu3xso2Sm
Vidi-con Schriegel OHG,https://www.vidi-con.de/
RM COMPUTING LTD,https://www.rmitservices.co.uk/
Ld Brown,https://www.ldbrownbins.com.au/
BML F.G. GmbH,https://www.bmlfg.com/
Prime Metal Corp,https://www.primemetalcorpusa.com/
UNISYSTEMS SA,https://www.unisystems.com/
Kevin Aitken Roofing Roofline,https://www.kevinaitkenroofing.co.uk/
M K Auto,https://www.mkautos.com/
Heliotec Flachglasfilm GmbH,https://www.slautoglas-duisburg.de/
techno.cz,https://techno.cz/
Beasley Realty,https://www.beasleyrealty.com/
inativo,https://support.google.com/adsense/answer/12171038?hl=pt
Norcross Vets,https://www.moyvets.co.uk/
Associated Mortgage Center Inc,https://www.associatedmtg.com/
James W Makowski DDS,https://www.makowskidental.com/
